"Name","Team","G","PA","AB","H","2B","3B","HR","R","RBI","BB","SO","SB","CS","AVG","OBP","SLG","OPS","wOBA","ADP","playerid"
"Mike Trout","Angels","157","681","543","159","29","3","47","119","116","120","145","11","4",".293",".429",".616","1.045",".431","6.1","10155"
"Juan Soto","Nationals","154","701","574","173","35","3","38","114","111","119","123","11","5",".301",".421",".574",".995",".415","3.9","20123"
"Freddie Freeman","Braves","157","716","609","183","39","3","34","111","107","94","126","7","3",".301",".399",".542",".941",".396","12.6","5361"
"Christian Yelich","Brewers","156","704","598","171","32","3","37","110","105","95","162","18","6",".287",".388",".535",".923",".390","11.6","11477"
"Bryce Harper","Phillies","157","714","584","157","33","2","39","110","109","118","160","14","5",".269",".395",".531",".926",".389","19.5","11579"
"Mookie Betts","Dodgers","157","723","625","184","39","4","35","118","106","85","103","20","5",".294",".380",".538",".919",".387","3.7","13611"
"Alex Bregman","Astros","154","667","561","157","35","3","33","101","99","92","89","5","1",".280",".386",".527",".913",".387","42.2","17678"
"Cody Bellinger","Dodgers","151","693","596","167","36","4","40","112","111","88","131","15","4",".280",".373",".553",".927",".386","15.9","15998"
"Ronald Acuna Jr.","Braves","156","709","610","171","32","3","39","120","104","86","183","31","8",".281",".376",".540",".916",".386","1.7","18401"
"Anthony Rendon","Angels","154","667","567","161","35","2","30","95","94","84","95","2","1",".285",".382",".513",".895",".379","41.8","12861"
"Aaron Judge","Yankees","134","584","491","126","22","1","35","91","87","83","177","4","2",".257",".370",".521",".891",".378","55.9","15640"
"Yordan Alvarez","Astros","131","569","491","136","29","2","32","83","93","69","141","3","1",".278",".368",".536",".904",".378","79.8","19556"
"Fernando Tatis Jr.","Padres","154","699","619","172","34","6","38","112","105","67","188","26","7",".278",".355",".536",".890",".375","2.5","19709"
"Jose Ramirez","Indians","154","656","574","158","36","4","35","100","96","71","92","24","6",".274",".357",".532",".889",".374","11.3","13510"
"George Springer","Blue Jays","146","631","543","148","24","2","33","96","89","74","123","5","2",".272",".366",".509",".875",".374","49.7","12856"
"Trevor Story","Rockies","152","680","610","171","40","5","35","106","98","59","175","26","6",".281",".348",".536",".883",".371","12.3","12564"
"Eugenio Suarez","Reds","156","702","608","157","26","2","46","105","114","78","185","3","1",".259",".350",".532",".882",".370","76.9","12552"
"Marcell Ozuna","Braves","151","687","608","171","29","2","37","101","105","70","143","4","1",".281",".357",".518",".875",".369","47.5","10324"
"Xander Bogaerts","Red Sox","151","646","573","166","33","2","28","92","86","62","116","7","2",".291",".362",".502",".864",".366","35.1","12161"
"J.D. Martinez","Red Sox","149","639","561","157","32","2","31","89","91","67","150","2","1",".279",".357",".509",".867",".364","93.0","6184"
"Anthony Rizzo","Cubs","157","713","603","162","31","3","29","97","93","82","105","7","3",".268",".374",".474",".848",".364","104.7","3473"
"Giancarlo Stanton","Yankees","134","584","506","128","21","1","37","86","89","67","168","3","1",".253",".346",".516",".863",".363","118.5","4949"
"Vladimir Guerrero Jr.","Blue Jays","144","624","551","159","32","2","25","86","85","61","91","3","1",".289",".364",".489",".853",".362","56.5","19611"
"Justin Turner","","130","596","519","147","31","2","22","84","81","56","96","2","1",".284",".366",".480",".846",".362","214.6","5235"
"Charlie Blackmon","Rockies","136","608","547","159","30","6","24","83","83","48","110","6","2",".291",".354",".499",".854",".361","84.1","7859"
"Jesse Winker","Reds","118","534","460","124","24","1","23","74","71","63","103","2","1",".270",".364",".479",".844",".361","207.6","13590"
"Luke Voit","Yankees","141","612","535","141","23","1","33","87","87","63","151","0","0",".263",".350",".498",".848",".361","60.2","14811"
"Eloy Jimenez","White Sox","151","647","592","167","33","2","35","88","102","46","150","1","0",".282",".337",".523",".859",".361","33.8","17484"
"Rhys Hoskins","Phillies","141","640","533","128","27","2","32","90","91","91","149","3","1",".241",".360",".482",".842",".361","161.8","16472"
"Corey Seager","Dodgers","149","685","615","174","40","2","30","97","100","61","124","2","1",".283",".350",".499",".849",".361","37.1","13624"
"Josh Donaldson","Twins","136","585","489","121","25","2","27","84","75","86","136","3","1",".248",".365",".469",".834",".360","190.1","5038"
"Paul Goldschmidt","Cardinals","151","676","574","155","27","2","28","93","85","89","148","5","2",".269",".371",".468",".839",".360","93.9","9218"
"Manny Machado","Padres","156","707","628","171","31","2","38","97","110","69","118","10","3",".273",".346",".511",".857",".359","20.8","11493"
"Max Muncy","Dodgers","134","618","517","125","24","2","31","92","88","90","154","3","1",".243",".361",".476",".837",".359","93.7","13301"
"Pete Alonso","Mets","146","660","573","143","27","1","40","92","104","67","169","2","1",".250",".342",".511",".853",".358","57.6","19251"
"Michael Conforto","Mets","151","682","585","152","31","2","31","95","92","81","159","6","2",".260",".359",".477",".836",".358","73.0","16376"
"C.J. Cron","","110","492","442","120","24","2","26","66","75","35","110","1","0",".271",".337",".509",".846",".357","410.9","12546"
"Kris Bryant","Cubs","146","662","564","146","30","3","27","89","85","75","155","3","1",".259",".361",".468",".829",".357","129.1","15429"
"Kyle Schwarber","Nationals","126","576","495","121","22","2","34","82","91","71","154","4","1",".244",".343",".504",".848",".357","192.6","16478"
"Gleyber Torres","Yankees","149","648","573","157","29","2","30","90","88","62","135","6","2",".274",".348",".489",".837",".355","70.3","16997"
"Nicholas Castellanos","Reds","146","658","597","163","39","4","31","92","94","50","158","3","1",".273",".334",".506",".840",".355","82.1","11737"
"Nolan Arenado","Cardinals","152","683","605","164","31","2","36","90","101","67","96","2","1",".270",".343",".505",".848",".354","34.8","9777"
"Rafael Devers","Red Sox","152","653","595","164","38","2","31","91","91","50","137","6","3",".276",".335",".505",".841",".354","42.6","17350"
"Randy Arozarena","Rays","144","620","548","147","29","3","28","89","83","52","147","19","6",".269",".346",".485",".832",".354","58.3","19290"
"Nelson Cruz","Twins","133","571","511","133","25","1","34","78","89","47","145","1","0",".261",".332",".513",".845",".354","95.1","2434"
"Shohei Ohtani","Angels","115","499","440","117","24","3","22","75","65","51","133","14","4",".266",".344",".484",".829",".352","226.2","19755"
"Jose Abreu","White Sox","154","661","599","166","31","2","32","87","98","43","138","2","1",".278",".336",".497",".834",".352","37.9","15676"
"Josh Bell","Nationals","136","620","541","143","27","3","29","83","89","70","130","2","1",".264",".350",".483",".833",".352","154.1","13145"
"Trea Turner","Nationals","152","694","627","180","34","6","23","105","82","57","127","36","8",".287",".349",".472",".821",".351","7.3","16252"
"Joey Gallo","Rangers","149","631","531","116","24","2","40","88","97","88","221","6","2",".218",".336",".496",".832",".351","159.7","14128"
"Jose Altuve","Astros","154","667","598","171","31","3","23","94","85","56","108","14","5",".287",".353",".463",".816",".351","99.3","5417"
"Jorge Soler","Royals","143","605","525","129","25","1","32","79","91","67","171","2","1",".246",".339",".482",".821",".350","141.7","14221"
"DJ LeMahieu","Yankees","151","655","591","176","27","3","20","89","76","54","93","5","2",".297",".358",".453",".810",".350","26.8","9874"
"Ketel Marte","Diamondbacks","147","663","600","173","34","6","20","91","83","52","88","8","3",".289",".349",".469",".817",".350","79.5","13613"
"Mike Moustakas","Reds","146","658","588","150","29","1","38","89","100","58","121","3","1",".255",".326",".503",".830",".349","117.3","4892"
"Brandon Nimmo","Mets","117","528","441","111","22","3","16","73","56","73","123","6","2",".250",".368",".425",".793",".348","253.8","12927"
"J.T. Realmuto","Phillies","149","629","565","153","28","3","28","87","87","48","137","9","3",".270",".335",".482",".816",".347","34.1","11739"
"Max Kepler","Twins","146","627","547","137","31","3","28","86","81","68","107","5","2",".250",".338",".473",".812",".347","183.0","12144"
"Brandon Lowe","Rays","133","571","501","125","27","3","27","77","80","58","158","6","2",".250",".334",".479",".813",".347","72.3","18882"
"Joey Votto","Reds","154","695","586","152","31","2","21","91","79","97","133","3","1",".259",".367",".428",".795",".347","378.3","4314"
"Andrew McCutchen","Phillies","138","625","539","138","26","2","25","85","79","75","130","8","3",".256",".351",".450",".802",".346","194.5","9847"
"Tommy Pham","Padres","130","589","509","135","24","3","19","83","69","69","127","17","4",".266",".360",".440",".799",".346","133.1","2967"
"Yasmani Grandal","White Sox","138","549","460","107","19","1","26","73","74","81","138","2","1",".233",".350",".450",".800",".346","124.5","11368"
"Ozzie Albies","Braves","151","687","626","176","37","6","25","98","90","49","122","17","4",".281",".337",".478",".815",".346","33.3","16556"
"Matt Olson","Athletics","146","619","534","126","26","1","35","80","91","72","167","2","1",".236",".334",".483",".817",".346","87.8","14344"
"Daniel Vogelbach","Brewers","53","242","203","48","9","0","11","31","33","35","56","0","0",".238",".353",".448",".800",".346","591.5","14130"
"Bo Bichette","Blue Jays","149","645","589","166","40","3","22","92","79","46","134","20","6",".283",".337",".473",".810",".345","24.8","19612"
"Matt Chapman","Athletics","151","640","562","135","31","3","34","84","90","65","165","1","0",".241",".325",".490",".815",".345","113.2","16505"
"Eddie Rosario","Indians","128","546","505","140","26","2","27","70","83","33","83","5","2",".278",".321",".500",".821",".344","110.1","12155"
"Wander Franco","","96","411","371","108","22","3","11","52","51","34","33","7","3",".290",".351",".455",".806",".344","999.0","sa3007033"
"Greg Bird","","19","87","75","18","5","0","4","11","12","10","21","0","0",".244",".338",".467",".805",".344","597.1","14131"
"A.J. Pollock","Dodgers","130","596","539","141","28","2","30","87","87","43","130","11","3",".262",".323",".491",".814",".343","191.7","9256"
"Will Smith","Dodgers","99","415","361","88","19","1","21","58","60","43","99","2","1",".244",".333",".473",".806",".343","93.8","19197"
"Aaron Hicks","Yankees","141","612","519","126","24","2","24","85","71","85","127","6","2",".242",".350",".439",".790",".342","278.9","5297"
"Jeff McNeil","Mets","146","660","591","167","34","3","18","85","78","49","89","7","3",".282",".350",".443",".793",".342","88.5","15362"
"Austin Meadows","Rays","117","501","445","114","25","3","22","67","68","47","119","11","3",".255",".331",".474",".804",".342","96.4","15672"
"Franmil Reyes","Indians","152","649","577","147","28","1","33","82","97","63","176","0","0",".254",".329",".477",".806",".341","154.2","14566"
"Trey Mancini","Orioles","123","517","464","124","21","2","22","65","65","44","118","1","0",".267",".335",".463",".798",".341","167.9","15149"
"Brandon Belt","Giants","126","568","482","118","27","4","20","74","68","76","125","3","1",".245",".351",".439",".789",".341","405.7","10264"
"Francisco Lindor","Mets","157","711","638","171","34","2","31","98","95","59","111","19","6",".268",".333",".473",".806",".341","18.0","12916"
"Mark Canha","Athletics","147","626","533","130","27","2","23","79","72","71","140","4","1",".244",".348",".437",".785",".341","255.2","11445"
"Mitch Haniger","Mariners","136","576","502","124","24","2","25","74","72","59","140","5","2",".248",".337",".455",".792",".340","256.5","14274"
"Marcus Semien","Blue Jays","149","645","569","148","30","3","25","88","80","66","119","10","4",".259",".337",".454",".791",".340","133.4","12533"
"Willson Contreras","Cubs","117","487","425","109","21","2","18","63","59","46","118","3","1",".256",".342",".444",".787",".339","123.0","11609"
"Yoan Moncada","White Sox","147","633","557","142","27","4","25","85","77","66","182","10","3",".254",".337",".451",".788",".339","87.8","17232"
"Alex Verdugo","Red Sox","138","591","532","149","36","2","15","76","67","50","95","6","2",".280",".345",".442",".787",".339","130.0","17027"
"Joc Pederson","Cubs","133","603","521","122","25","2","30","79","84","66","142","3","1",".233",".330",".461",".791",".339","305.3","11899"
"Keston Hiura","Brewers","143","645","581","150","30","3","30","85","90","47","189","11","4",".258",".326",".471",".797",".338","69.6","20003"
"Kole Calhoun","Diamondbacks","139","627","546","134","25","3","27","83","83","69","138","4","1",".245",".335",".452",".787",".338","258.1","11200"
"Alex Dickerson","Giants","110","495","440","115","28","3","17","63","63","43","96","2","1",".261",".336",".455",".791",".337","328.4","12649"
"Cavan Biggio","Blue Jays","143","617","520","123","27","3","22","84","70","86","159","10","4",".236",".349",".422",".771",".337","65.3","19252"
"Nolan Jones","Indians","10","41","36","9","2","0","1","5","5","5","13","0","0",".248",".348",".424",".772",".336","560.2","sa917941"
"Yasiel Puig","","83","357","318","81","14","2","15","49","44","32","76","10","3",".256",".330",".452",".782",".335","289.6","14225"
"Miguel Sano","Twins","149","640","558","124","25","1","37","87","96","74","242","1","0",".222",".317",".472",".789",".335","194.1","12164"
"Yandy Diaz","Rays","107","459","398","109","18","2","10","55","48","55","81","2","1",".273",".363",".399",".762",".335","483.6","16578"
"Salvador Perez","Royals","131","517","479","124","24","1","29","62","84","24","108","1","0",".259",".303",".495",".798",".335","80.2","7304"
"J.D. Davis","Mets","120","543","481","125","25","1","20","69","68","52","128","2","1",".261",".338",".440",".778",".335","225.8","16219"
"Carlos Correa","Astros","151","653","580","150","30","1","26","84","87","64","151","3","1",".258",".335",".447",".782",".335","124.7","14162"
"Bryan Reynolds","Pirates","138","611","547","146","31","4","19","75","74","53","143","5","1",".267",".336",".441",".777",".334","311.7","19326"
"Michael Brantley","Astros","139","604","542","151","32","2","15","76","73","51","77","4","1",".279",".344",".431",".774",".334","149.0","4106"
"Wil Myers","Padres","144","655","582","142","30","2","30","91","87","64","191","17","4",".244",".323",".459",".782",".334","133.3","10047"
"Alejandro Kirk","Blue Jays","57","235","207","55","12","0","7","29","28","23","33","1","0",".265",".345",".429",".774",".334","999.0","22581"
"Trent Grisham","Padres","144","655","565","138","29","5","23","88","77","78","157","13","4",".244",".340",".432",".771",".334","69.3","18564"
"Ian Happ","Cubs","139","632","548","131","27","3","26","83","79","75","182","8","3",".240",".335",".441",".775",".334","166.2","17919"
"Rowdy Tellez","Blue Jays","100","434","389","97","21","1","21","56","61","37","100","2","1",".250",".320",".467",".787",".334","293.6","15679"
"Teoscar Hernandez","Blue Jays","147","638","572","137","27","3","35","89","93","56","192","9","3",".239",".310",".479",".789",".333","76.5","13066"
"Ji-Man Choi","Rays","107","459","393","95","21","1","17","56","57","57","109","2","1",".242",".342",".426",".769",".333","537.4","5452"
"Dominic Smith","Mets","131","594","536","139","31","1","24","75","79","47","136","3","1",".259",".325",".455",".779",".333","110.1","15653"
"Travis d'Arnaud","Braves","113","472","426","111","21","1","19","61","63","38","105","2","1",".261",".325",".452",".777",".333","137.0","7739"
"Wilmer Flores","Giants","71","320","293","80","15","1","12","39","43","21","46","1","0",".272",".324",".457",".780",".332","372.7","5827"
"Christian Walker","Diamondbacks","141","634","565","142","32","3","26","81","84","56","155","5","2",".251",".324",".456",".780",".332","204.0","13419"
"Hunter Renfroe","Red Sox","110","472","426","100","21","1","28","63","69","39","131","3","1",".235",".304",".486",".790",".332","410.6","15464"
"Brad Miller","Phillies","94","406","350","82","16","2","18","53","52","48","114","3","1",".235",".330",".443",".773",".332","589.4","12775"
"Chris Taylor","Dodgers","128","589","522","134","29","4","19","82","69","55","157","9","3",".257",".333",".440",".772",".332","215.3","13757"
"Brian Anderson","Marlins","154","682","602","153","31","2","24","82","82","62","159","3","1",".255",".335",".434",".769",".332","236.4","18289"
"Jonathan Schoop","Tigers","125","532","491","129","25","2","24","64","72","28","117","2","1",".263",".312",".467",".779",".331","401.2","11265"
"Colton Welker","Rockies","16","72","66","19","4","0","2","8","9","5","14","0","0",".284",".339",".440",".779",".331","999.0","sa917962"
"Carlos Santana","Royals","146","619","521","123","24","3","21","74","73","89","97","2","1",".237",".348",".413",".761",".331","281.4","2396"
"Jesus Aguilar","Marlins","122","539","474","119","22","1","22","63","69","53","118","0","0",".250",".330",".440",".770",".331","334.1","11342"
"Tim Anderson","White Sox","154","661","621","177","31","3","23","89","82","30","146","21","6",".284",".320",".455",".775",".331","45.3","15172"
"Derek Dietrich","Yankees","50","217","187","43","8","1","9","28","27","19","57","1","1",".231",".332",".430",".762",".331","999.0","10542"
"Luis Arraez","Twins","128","550","499","151","31","3","4","65","54","43","54","4","2",".302",".358",".399",".757",".331","393.3","18568"
"Mike Brosseau","Rays","49","209","187","48","10","1","8","26","27","16","51","2","1",".257",".326",".444",".770",".331","452.8","19683"
"Anthony Santander","Orioles","146","612","561","145","34","2","27","74","79","40","119","4","2",".258",".313",".468",".781",".330","160.1","14551"
"Yoenis Cespedes","","66","287","259","62","11","1","15","37","42","23","75","2","1",".241",".309",".470",".780",".330","600.3","13110"
"Ramon Laureano","Athletics","149","633","557","137","29","4","23","82","71","56","166","12","3",".246",".328",".436",".763",".330","147.4","17128"
"Justin Upton","Angels","131","569","498","116","21","1","28","75","76","60","163","4","1",".233",".322",".445",".767",".330","395.6","5222"
"Randal Grichuk","Blue Jays","96","413","379","93","20","2","21","55","59","28","101","2","1",".246",".302",".479",".781",".330","223.1","10243"
"Asdrubal Cabrera","","76","343","305","79","17","1","12","42","44","29","67","1","0",".259",".327",".442",".768",".330","524.6","4962"
"Kyle Tucker","Astros","151","653","586","147","34","4","26","92","84","56","148","22","5",".251",".319",".457",".777",".329","31.1","18345"
"Hunter Dozier","Royals","144","612","544","134","30","4","23","75","77","60","158","5","2",".247",".325",".443",".767",".329","240.1","15117"
"Whit Merrifield","Royals","154","653","600","169","35","5","15","83","74","42","103","23","7",".282",".333",".433",".766",".329","41.8","11281"
"Gary Sanchez","Yankees","94","373","328","73","13","0","22","49","54","36","110","1","0",".222",".310",".464",".774",".329","166.1","11442"
"Cesar Hernandez","Indians","131","560","498","138","23","4","10","69","55","53","103","6","2",".276",".350",".402",".752",".329","376.4","10556"
"Nate Lowe","Rangers","126","535","470","118","24","1","19","63","62","57","138","1","1",".251",".336",".428",".763",".329","340.6","19566"
"Paul DeJong","Cardinals","149","669","597","148","32","1","29","84","86","55","162","5","2",".247",".320",".450",".769",".329","227.6","18015"
"Jared Walsh","Angels","109","470","422","102","22","1","21","60","64","41","131","1","0",".243",".316",".455",".771",".329","208.5","18607"
"David Peralta","Diamondbacks","133","598","541","146","27","5","17","75","70","47","120","2","1",".270",".333",".432",".765",".329","273.4","2136"
"Ryan Braun","","71","308","279","73","14","1","12","41","39","22","64","6","2",".260",".320",".448",".768",".329","592.0","3410"
"Ke'Bryan Hayes","Pirates","136","603","541","144","32","4","16","73","68","51","120","9","2",".266",".334",".430",".763",".329","146.3","18577"
"Starling Marte","Marlins","146","646","591","164","29","4","18","85","69","34","117","28","6",".277",".331",".430",".761",".328","49.6","9241"
"Garrett Cooper","Marlins","47","208","188","50","10","0","7","24","25","17","50","0","0",".265",".330",".431",".760",".328","461.6","15279"
"Didi Gregorius","Phillies","139","633","578","152","27","3","27","79","86","40","91","8","2",".263",".315",".458",".773",".327","162.3","6012"
"Tommy La Stella","Giants","104","466","411","110","23","2","10","56","50","44","46","1","0",".268",".342",".407",".749",".327","321.4","12371"
"Matt Carpenter","Cardinals","81","364","306","68","17","1","13","45","43","50","95","2","1",".223",".337",".414",".752",".327","586.5","8090"
"Eduardo Escobar","Diamondbacks","141","634","575","149","31","6","23","78","83","48","119","3","1",".259",".317",".456",".773",".327","313.8","6153"
"Ty France","Mariners","107","452","402","101","20","1","16","52","54","32","95","2","1",".252",".327",".428",".755",".327","350.0","17982"
"Clint Frazier","Yankees","138","598","532","130","28","3","24","79","71","55","160","6","2",".244",".321",".439",".761",".326","184.1","15983"
"Jorge Polanco","Twins","125","536","484","130","27","4","14","67","58","42","88","6","3",".269",".329",".429",".758",".326","223.8","13152"
"Dansby Swanson","Braves","149","679","605","156","33","3","22","89","80","61","160","11","4",".258",".329",".432",".760",".326","107.9","18314"
"Adam Eaton","White Sox","125","535","465","121","21","4","11","67","50","53","95","8","3",".260",".346",".392",".738",".325","376.1","11205"
"Avisail Garcia","Brewers","136","616","557","147","25","3","20","75","74","45","141","8","4",".264",".328",".426",".754",".325","324.4","5760"
"Nick Solak","Rangers","128","542","484","127","22","2","15","65","57","47","113","8","3",".263",".334",".413",".747",".325","174.9","19294"
"Byron Buxton","Twins","136","585","536","132","28","5","27","83","72","37","159","20","4",".247",".301",".470",".770",".325","114.1","14161"
"Lourdes Gurriel Jr.","Blue Jays","136","589","543","142","27","2","25","76","78","33","131","7","2",".261",".309",".455",".764",".325","86.8","19238"
"Mike Yastrzemski","Giants","149","669","589","141","33","5","23","86","79","69","171","6","2",".239",".324",".432",".755",".325","136.5","14854"
"Austin Slater","Giants","66","298","262","67","13","1","7","39","30","30","77","6","2",".255",".341",".398",".739",".324","470.8","16153"
"Austin Riley","Braves","141","642","585","146","31","2","29","81","90","46","181","2","1",".249",".310",".457",".766",".324","210.9","18360"
"Kolten Wong","Brewers","130","587","511","134","24","4","11","72","55","53","90","15","6",".263",".347",".392",".739",".323","333.5","12532"
"Kyle Seager","Mariners","149","630","555","133","29","1","25","72","78","62","111","4","2",".240",".322",".433",".754",".323","273.1","9785"
"Luis Robert","White Sox","149","640","584","146","29","4","27","86","79","43","185","20","5",".250",".310",".449",".759",".323","36.8","20043"
"Corey Dickerson","Marlins","128","567","522","140","29","4","17","66","68","37","103","5","2",".268",".319",".440",".759",".323","403.0","10762"
"Mitch Garver","Twins","76","299","264","61","13","1","13","38","38","30","87","0","0",".230",".314",".438",".752",".323","198.8","15161"
"Alec Bohm","Phillies","139","633","571","152","28","3","18","77","75","51","122","5","2",".266",".330",".419",".749",".323","999.0","21618"
"Luis Campusano","Padres","16","69","63","17","3","0","2","8","9","5","10","0","0",".270",".331",".419",".749",".323","999.0","22217"
"Renato Nunez","","104","442","398","97","20","1","20","52","58","34","108","1","0",".243",".309",".447",".756",".323","453.4","14503"
"Yoshitomo Tsutsugo","Rays","50","216","186","42","9","0","9","26","28","27","63","0","0",".223",".323",".424",".748",".323","507.9","27459"
"Javier Baez","Cubs","154","698","651","169","32","4","32","91","96","35","194","14","5",".259",".301",".466",".768",".323","74.8","12979"
"Nick Senzel","Reds","115","519","470","120","30","3","17","70","59","41","124","15","4",".255",".318",".436",".754",".323","288.7","19293"
"Edwin Encarnacion","","55","238","208","46","8","0","12","30","33","25","60","1","0",".220",".310",".441",".751",".323","579.5","2151"
"Ryan Mountcastle","Orioles","138","578","537","143","30","2","22","67","71","32","137","3","1",".266",".311",".448",".759",".323","146.8","18373"
"Khris Davis","Rangers","76","322","285","65","11","1","16","38","44","31","90","0","0",".228",".311",".444",".755",".322","510.2","9112"
"Starlin Castro","Nationals","121","554","513","141","24","1","19","66","72","32","100","2","1",".275",".318",".437",".755",".322","362.1","4579"
"Jedd Gyorko","","53","231","204","48","7","0","11","28","31","23","57","1","0",".236",".316",".433",".749",".322","588.9","10816"
"Shin-Soo Choo","","76","329","281","66","13","1","9","41","34","40","86","4","2",".234",".341",".388",".728",".322","546.3","3174"
"Tim Locastro","Diamondbacks","79","357","315","80","18","3","7","48","32","23","68","15","3",".256",".336",".395",".731",".322","563.7","15124"
"Jeimer Candelario","Tigers","139","594","523","125","29","3","19","70","67","60","140","3","1",".240",".324",".419",".743",".322","259.7","13621"
"Andrew Benintendi","Royals","131","557","486","123","26","4","13","66","57","59","110","10","3",".252",".337",".400",".737",".321","225.7","17901"
"Ian Desmond","Rockies","102","456","411","106","20","3","15","59","52","34","114","10","3",".258",".318",".429",".748",".321","559.8","6885"
"Mike Ford","Yankees","6","28","25","6","1","0","1","3","3","3","5","0","0",".233",".321",".425",".746",".321","600.1","15585"
"Ryan McMahon","Rockies","125","557","499","121","26","3","21","69","70","51","171","3","1",".242",".315",".433",".748",".321","234.1","15112"
"Alexander Kirilloff","Twins","97","418","385","104","23","3","11","50","49","26","86","3","1",".269",".319",".430",".749",".321","999.0","sa917929"
"Kurt Suzuki","Angels","66","263","233","59","11","0","9","31","33","18","38","1","0",".252",".318",".425",".743",".320","445.0","8259"
"Eric Hosmer","Padres","147","670","608","160","25","2","22","81","82","54","143","6","2",".262",".324",".419",".743",".320","142.7","3516"
"Colin Moran","Pirates","141","625","564","144","28","1","21","69","78","51","141","1","0",".256",".321",".422",".743",".319","438.6","16909"
"Adam Frazier","Pirates","122","539","486","130","26","4","10","62","56","41","76","7","3",".268",".332",".401",".733",".319","489.6","15223"
"Jean Segura","Phillies","139","633","577","160","26","3","15","79","69","39","98","14","4",".277",".329",".409",".737",".319","190.2","5933"
"Bobby Dalbec","Red Sox","126","542","477","105","22","1","26","69","71","53","197","2","1",".221",".309",".436",".745",".318","301.9","19966"
"Mitch Moreland","","105","455","401","92","17","1","20","54","60","46","107","1","0",".230",".313",".428",".741",".318","566.8","3086"
"Keibert Ruiz","Dodgers","8","34","31","9","2","0","1","4","4","2","3","0","0",".274",".327",".411",".737",".318","596.4","19610"
"Lorenzo Cain","Brewers","139","631","564","151","29","2","10","76","61","56","108","17","4",".268",".340",".381",".722",".318","253.0","9077"
"Willy Adames","Rays","131","564","504","124","24","2","19","68","66","52","165","6","2",".245",".318",".418",".736",".318","370.7","15986"
"Brian Dozier","","41","175","151","33","7","0","7","22","21","21","42","2","1",".219",".318",".414",".732",".318","999.0","9810"
"Miguel Cabrera","Tigers","143","608","544","141","25","1","17","66","69","55","123","1","0",".259",".329",".404",".734",".317","518.8","1744"
"Jordan Luplow","Indians","65","276","242","57","13","1","9","33","32","29","63","3","1",".234",".322",".412",".734",".317","999.0","16424"
"Jeter Downs","Red Sox","10","42","37","9","2","0","1","5","5","4","9","1","0",".242",".313",".428",".741",".317","540.6","sa3004615"
"Matt Joyce","","19","88","76","18","4","0","3","10","10","11","21","0","0",".234",".333",".388",".721",".317","999.0","3353"
"Jason Heyward","Cubs","130","588","513","126","22","3","15","70","61","64","110","4","2",".246",".334",".391",".725",".317","472.0","4940"
"Jose Martinez","Mets","19","88","79","21","4","0","2","10","10","8","19","0","0",".261",".329",".400",".729",".317","599.7","7996"
"D.J. Stewart","Orioles","92","388","336","75","15","1","15","47","42","42","99","4","1",".224",".320",".409",".729",".317","544.8","17766"
"Steven Souza Jr.","","40","176","152","34","6","0","7","23","21","20","54","3","1",".224",".321",".405",".726",".317","999.0","5667"
"Jake Bauers","Indians","34","145","126","30","7","0","4","18","16","17","36","3","1",".235",".327",".399",".726",".317","582.6","15194"
"Kyle Lewis","Mariners","149","630","562","135","25","2","23","74","73","61","185","5","2",".241",".316",".417",".734",".317","140.4","19508"
"Tommy Edman","Cardinals","118","531","484","128","24","5","12","68","53","37","95","13","4",".264",".321",".410",".731",".317","131.9","19470"
"Gavin Lux","Dodgers","105","484","437","110","22","3","14","64","56","42","114","7","2",".251",".319",".414",".733",".316","250.8","19955"
"Josh Naylor","Indians","113","484","437","113","24","2","13","54","56","39","81","3","1",".258",".323",".410",".733",".316","449.6","18839"
"Daulton Varsho","Diamondbacks","66","292","263","64","14","3","9","38","32","23","62","6","1",".246",".314",".421",".735",".316","155.0","19918"
"David Fletcher","Angels","147","639","580","162","30","3","8","76","61","49","67","8","2",".279",".337",".383",".720",".316","227.1","17992"
"Buster Posey","Giants","120","500","441","119","21","1","9","56","53","46","75","2","1",".269",".341",".382",".723",".316","246.1","9166"
"Tyler O'Neill","Cardinals","131","589","530","123","25","2","27","74","76","49","180","7","2",".232",".302",".439",".741",".316","458.3","15711"
"Raimel Tapia","Rockies","131","586","543","150","31","7","9","73","58","36","117","15","4",".277",".324",".407",".731",".316","251.5","14350"
"Travis Shaw","","73","330","287","64","12","1","14","38","43","37","85","2","1",".223",".315",".417",".732",".316","564.2","11982"
"Shogo Akiyama","Reds","102","461","409","105","22","2","8","57","43","45","96","7","4",".256",".334",".383",".717",".315","446.1","27461"
"Dylan Carlson","Cardinals","136","611","548","134","30","4","19","75","68","52","144","9","3",".246",".317",".415",".732",".315","999.0","20126"
"Jurickson Profar","Padres","105","478","425","104","22","2","14","58","54","42","74","8","3",".244",".321",".405",".726",".315","251.4","10815"
"Robbie Grossman","Tigers","128","545","471","115","23","3","11","63","50","65","102","8","3",".244",".339",".376",".715",".315","391.6","5254"
"Brendan Rodgers","Rockies","115","514","473","124","28","2","14","59","61","29","119","4","1",".262",".313",".421",".734",".315","454.0","17907"
"Yuli Gurriel","Astros","146","632","588","158","35","2","18","75","78","32","79","5","1",".268",".310",".426",".736",".315","305.3","19198"
"Giovanny Urshela","Yankees","143","619","567","148","28","1","19","72","72","41","105","1","0",".261",".315",".415",".731",".315","161.2","10681"
"Ha-seong Kim","Padres","75","339","304","75","17","2","10","41","40","29","65","7","2",".246",".316",".416",".732",".315","999.0","sa3011918"
"Miguel Andujar","Yankees","8","35","33","8","2","0","1","4","4","2","6","0","0",".258",".305",".433",".738",".314","535.0","15878"
"Ryan Zimmerman","Nationals","39","177","160","40","9","0","6","21","21","14","38","0","0",".250",".313",".415",".729",".314","600.9","4220"
"Alex Avila","Nationals","71","298","248","52","9","0","11","36","35","45","105","1","0",".208",".333",".381",".714",".314","599.7","7476"
"Logan Morrison","","32","140","123","27","5","0","6","17","18","15","32","0","0",".220",".310",".417",".728",".314","999.0","9205"
"Danny Jansen","Blue Jays","99","390","341","78","16","1","14","47","44","38","81","2","1",".230",".319",".405",".724",".314","310.9","16535"
"Josh Rojas","Diamondbacks","44","197","175","43","10","2","4","26","19","19","39","7","2",".248",".322",".401",".723",".314","598.1","19734"
"Andrew Vaughn","White Sox","70","299","267","66","14","1","9","34","34","25","61","1","0",".248",".320",".404",".724",".314","999.0","sa3011226"
"Vidal Brujan","Rays","19","84","75","20","4","1","1","11","8","7","14","4","1",".263",".328",".393",".721",".314","999.0","sa872786"
"Victor Robles","Nationals","149","679","604","151","30","4","18","88","67","43","161","26","7",".250",".322",".401",".723",".314","161.0","18363"
"Christian Vazquez","Red Sox","117","461","418","108","20","1","14","56","51","32","93","6","2",".259",".315",".413",".729",".314","149.9","9774"
"Ben Gamel","","41","173","154","39","8","1","3","20","17","17","41","2","1",".255",".330",".386",".717",".313","999.0","12160"
"Marwin Gonzalez","","78","333","300","75","16","1","10","39","36","27","72","1","1",".251",".318",".405",".724",".313","483.6","5497"
"Austin Nola","Padres","107","447","399","100","20","1","12","51","51","38","87","2","1",".251",".322",".400",".722",".313","162.9","15941"
"Jake Cronenworth","Padres","112","508","454","117","26","4","8","61","50","45","93","10","3",".257",".329",".385",".715",".313","186.1","18036"
"Harrison Bader","Cardinals","133","596","525","121","24","3","21","76","64","53","173","12","4",".231",".316",".406",".722",".313","502.6","18030"
"Maikel Franco","","100","434","397","99","18","1","18","49","57","31","67","1","0",".248",".305",".432",".737",".313","468.3","12179"
"Yermin Mercedes","White Sox","5","19","17","4","1","0","1","2","2","2","4","0","0",".246",".311",".422",".733",".313","999.0","17423"
"Chance Sisco","Orioles","76","295","255","58","12","0","10","33","31","30","89","0","0",".226",".323",".388",".711",".313","529.0","15694"
"Isaac Paredes","Tigers","21","90","81","21","4","0","2","10","10","7","14","0","0",".256",".323",".395",".718",".313","552.0","20036"
"Christian Arroyo","Red Sox","60","257","234","59","13","1","8","31","29","18","58","1","1",".253",".312",".414",".726",".312","600.5","16434"
"Omar Narvaez","Brewers","76","317","278","68","10","1","9","35","35","34","69","0","0",".243",".329",".381",".710",".312","353.5","13338"
"Matt Adams","","16","70","63","14","3","0","4","8","10","6","21","0","0",".223",".292",".442",".734",".312","999.0","9393"
"Trevor Larnach","Twins","5","21","19","5","1","0","1","2","2","2","6","0","0",".249",".320",".399",".718",".311","580.5","sa3008376"
"Robinson Chirinos","Yankees","28","110","94","20","4","0","4","13","12","11","32","0","0",".215",".314",".396",".711",".311","999.0","3142"
"Aristides Aquino","Reds","49","219","201","45","9","1","11","28","30","15","65","3","1",".226",".286",".450",".736",".311","570.5","15482"
"Ryan Jeffers","Twins","81","318","288","70","14","1","11","37","38","24","83","0","0",".242",".309",".410",".719",".311","999.0","24618"
"Jay Bruce","Yankees","60","260","235","52","10","1","13","32","36","22","65","1","0",".220",".290",".444",".734",".311","592.4","9892"
"Yonathan Daza","Rockies","16","72","68","19","4","1","1","8","7","3","12","1","1",".283",".320",".399",".719",".311","999.0","15794"
"Harold Ramirez","Marlins","11","50","47","13","2","0","1","6","5","3","10","0","0",".271",".318",".401",".719",".311","999.0","14387"
"Carson Kelly","Diamondbacks","96","394","349","82","17","1","14","44","49","37","86","0","0",".236",".315",".409",".725",".310","245.1","13620"
"Tyler Stephenson","Reds","50","207","186","45","10","0","6","24","23","17","50","0","0",".244",".314",".401",".715",".310","419.8","17988"
"Luis Urias","Brewers","79","359","318","79","16","2","7","40","36","33","77","3","1",".249",".330",".376",".706",".310","424.2","16622"
"Josh VanMeter","Diamondbacks","49","219","196","47","11","1","6","27","24","20","48","5","1",".238",".311",".408",".718",".310","599.6","15170"
"Garrett Hampson","Rockies","70","311","283","73","13","3","7","40","29","23","77","12","3",".257",".315",".402",".717",".310","257.3","19262"
"Pavin Smith","Diamondbacks","36","160","144","36","8","1","3","19","17","14","24","1","0",".253",".321",".391",".713",".310","595.6","19892"
"Enrique Hernandez","Red Sox","99","424","380","90","19","2","16","50","50","36","91","2","1",".236",".305",".420",".724",".310","408.5","10472"
"Willie Calhoun","Rangers","123","521","471","114","24","1","18","56","60","41","81","1","0",".243",".307",".413",".720",".310","372.3","17838"
"David Bote","Cubs","94","426","376","88","18","2","14","51","48","41","114","4","2",".233",".316",".398",".714",".310","514.4","14593"
"Jackie Bradley Jr.","","130","560","488","110","22","3","18","70","60","57","147","10","4",".225",".317",".393",".710",".310","385.1","12984"
"Michael Chavis","Red Sox","55","236","214","50","10","1","10","29","28","17","73","2","1",".234",".298",".424",".722",".309","449.3","17321"
"Tim Beckham","White Sox","8","35","32","8","1","0","1","4","4","2","10","0","0",".240",".299",".420",".718",".309","999.0","7949"
"Todd Frazier","","89","385","338","75","15","1","14","46","44","37","91","4","1",".223",".310",".397",".708",".309","598.9","785"
"Jarred Kelenic","Mariners","81","343","311","74","15","2","12","41","39","27","88","6","2",".238",".302",".417",".718",".309","216.1","sa3007741"
"Rougned Odor","Rangers","109","459","415","92","18","2","23","57","58","35","130","9","4",".221",".288",".438",".726",".308","503.9","12282"
"Heliot Ramos","Giants","23","102","92","23","5","1","3","12","11","7","30","1","0",".249",".312",".402",".715",".308","999.0","sa3004693"
"Jake Lamb","","87","378","325","69","14","2","13","45","43","46","108","2","1",".212",".316",".389",".706",".308","595.8","13329"
"Aledmys Diaz","Astros","39","169","154","38","8","0","6","20","21","11","29","1","1",".248",".305",".412",".718",".308","600.9","15937"
"Jose Iglesias","Angels","130","562","523","145","27","2","11","66","59","25","70","8","3",".278",".317",".396",".713",".308","456.8","10231"
"Tyler Nevin","Orioles","2","7","6","2","0","0","0","1","1","1","1","0","0",".250",".316",".391",".708",".308","999.0","sa874752"
"Evan Longoria","Giants","109","488","445","110","23","2","15","56","59","33","101","3","1",".248",".304",".414",".717",".308","450.4","9368"
"Tyler Flowers","","40","160","136","29","5","0","5","19","18","16","54","0","0",".216",".320",".374",".694",".307","599.9","9134"
"Danny Santana","","45","196","179","42","8","1","8","26","23","14","59","6","2",".234",".295",".423",".718",".307","588.8","10322"
"Cristian Pache","Braves","123","561","521","136","28","3","14","70","62","33","138","9","3",".260",".307",".410",".717",".307","999.0","19948"
"Dylan Moore","Mariners","120","507","449","101","21","2","18","66","50","43","132","24","7",".225",".306",".401",".707",".307","117.7","18042"
"Andy Young","Diamondbacks","26","117","104","24","4","1","4","14","13","8","32","1","0",".230",".305",".403",".708",".307","999.0","19521"
"Dexter Fowler","Angels","107","463","401","88","17","2","14","57","48","53","123","5","2",".220",".318",".381",".699",".307","567.5","4062"
"Wilson Ramos","Tigers","78","304","275","71","11","0","8","32","34","23","51","0","0",".260",".318",".390",".708",".307","288.3","1433"
"Stephen Piscotty","Athletics","130","550","492","117","25","1","17","61","60","45","130","3","1",".237",".308",".399",".707",".307","482.6","13367"
"Billy McKinney","Brewers","15","66","59","13","3","0","2","7","8","6","16","0","0",".229",".304",".409",".713",".307","999.0","15654"
"Tyler White","Blue Jays","2","7","6","1","0","0","0","1","1","1","2","0","0",".226",".315",".384",".700",".307","999.0","15564"
"Matt Duffy","Cubs","21","96","85","22","4","0","1","11","9","8","16","1","0",".263",".332",".361",".693",".306","999.0","13836"
"Carter Kieboom","Nationals","115","524","464","112","22","1","13","59","55","50","133","3","1",".241",".322",".377",".699",".306","476.7","19958"
"Cesar Puello","Red Sox","5","21","18","4","1","0","0","2","2","2","6","0","0",".239",".328",".362",".690",".306","999.0","7216"
"Abraham Toro","Astros","18","77","69","16","4","0","2","9","9","6","17","1","0",".234",".308",".398",".706",".306","596.9","19844"
"Adam Duvall","Marlins","115","510","459","101","21","2","24","57","68","39","137","1","1",".221",".289",".431",".721",".306","403.2","10950"
"Austin Hays","Orioles","126","531","492","122","23","2","19","62","59","30","120","8","3",".248",".296",".417",".713",".306","233.6","19363"
"Amed Rosario","Indians","100","428","399","108","20","4","8","51","43","22","86","11","4",".271",".311",".400",".711",".306","293.6","15518"
"Darin Ruf","Giants","37","167","148","34","7","0","5","19","19","16","43","1","0",".231",".312",".392",".704",".306","596.8","9929"
"Ryan O'Hearn","Royals","18","76","67","15","3","0","3","8","9","8","20","0","0",".226",".308",".400",".708",".306","598.7","16442"
"Kevin Pillar","","70","315","293","75","17","1","9","38","36","15","53","7","2",".256",".300",".413",".713",".305","414.1","12434"
"Daniel Robertson","Brewers","58","264","229","53","11","1","5","29","25","27","62","2","1",".233",".329",".356",".684",".305","999.0","14145"
"Jed Lowrie","","28","117","103","24","6","0","3","12","12","12","25","0","0",".235",".316",".383",".699",".305","999.0","4418"
"Austin Dean","Cardinals","31","138","126","31","7","1","4","16","15","10","28","1","0",".249",".307",".401",".708",".305","999.0","18288"
"Willi Castro","Tigers","118","504","463","118","22","5","12","58","51","30","119","8","2",".255",".306",".402",".707",".305","247.0","17338"
"Jake Cave","Twins","50","216","195","47","10","2","6","26","23","16","66","1","1",".239",".305",".401",".706",".305","596.0","14477"
"Yan Gomes","Nationals","81","337","304","73","15","1","12","38","42","24","82","1","1",".239",".302",".408",".711",".305","326.2","9627"
"David Dahl","Rangers","100","425","387","94","20","2","13","48","45","32","117","6","2",".242",".303",".404",".707",".305","335.9","13744"
"Donovan Solano","Giants","126","568","529","144","29","2","9","61","60","29","106","1","0",".273",".314",".388",".702",".305","506.5","8623"
"Nick Markakis","","100","434","386","99","23","1","5","46","41","41","69","1","0",".257",".331",".362",".692",".305","600.4","5930"
"Pedro Severino","Orioles","66","257","231","55","9","1","9","28","27","20","56","1","0",".238",".305",".397",".703",".304","335.3","14523"
"Manuel Margot","Rays","105","452","409","102","20","4","11","57","44","36","84","19","5",".248",".311",".392",".703",".304","264.1","14712"
"Ronald Guzman","Rangers","26","110","98","23","5","0","4","12","12","10","30","0","0",".231",".308",".393",".701",".304","594.2","14388"
"Tucker Barnhart","Reds","104","428","378","89","16","1","13","49","46","43","95","1","1",".235",".316",".384",".700",".304","498.3","10200"
"Sherten Apostel","Rangers","3","14","12","3","0","0","0","2","2","1","4","0","0",".231",".306",".394",".700",".304","999.0","21794"
"Leody Taveras","Rangers","123","521","471","117","22","4","12","62","48","43","122","13","4",".247",".311",".390",".701",".304","208.5","18900"
"Taylor Ward","Angels","15","63","56","13","2","0","2","7","6","6","16","1","0",".234",".318",".374",".692",".304","597.4","17548"
"Adley Rutschman","Orioles","26","99","89","21","4","0","3","11","11","8","24","0","0",".236",".306",".398",".704",".304","999.0","sa3011643"
"Brett Gardner","","104","448","391","90","16","4","10","55","40","48","97","8","2",".230",".319",".369",".689",".304","590.9","9927"
"Gregory Polanco","Pirates","118","524","469","104","24","2","20","61","64","48","144","9","2",".222",".297",".412",".709",".304","479.3","12907"
"Kevin Plawecki","Red Sox","45","178","159","39","8","0","4","20","18","13","34","1","0",".245",".313",".384",".697",".304","588.5","13807"
"Wyatt Mathisen","Diamondbacks","5","22","19","4","1","0","1","2","2","2","6","0","0",".227",".311",".382",".693",".304","999.0","14555"
"Sean Murphy","Athletics","109","422","371","83","17","1","15","46","47","42","105","1","0",".223",".308",".390",".698",".304","164.8","19352"
"Yusniel Diaz","Orioles","78","327","294","70","13","2","9","37","33","29","80","3","2",".239",".309",".391",".700",".304","999.0","sa912848"
"Max Stassi","Angels","86","340","302","67","12","1","13","40","40","31","91","1","0",".221",".303",".394",".697",".303","378.2","10059"
"Adam Haseley","Phillies","89","405","365","92","18","2","8","46","41","30","89","4","1",".252",".317",".378",".696",".303","598.1","19878"
"Johan Camargo","Braves","49","221","203","50","11","1","7","26","26","15","49","0","0",".246",".302",".403",".704",".303","595.5","14950"
"Edwin Rios","Dodgers","42","194","177","39","9","0","9","24","27","14","67","1","0",".223",".287",".423",".710",".303","351.2","18316"
"Yairo Munoz","","5","21","19","5","1","0","1","3","2","1","5","0","0",".255",".303",".402",".705",".303","999.0","16313"
"Andrew Waters","Braves","11","52","48","12","3","0","1","6","5","3","16","1","0",".252",".304",".398",".701",".303","569.8","sa3004378"
"Brian Goodwin","","76","338","302","69","16","2","11","38","38","31","96","6","2",".228",".303",".398",".700",".302","599.6","12858"
"Alex Blandino","Reds","16","73","63","14","3","0","2","8","7","8","20","0","0",".222",".320",".360",".680",".302","999.0","16271"
"Owen Miller","Indians","5","21","19","5","1","0","0","2","2","1","4","0","0",".260",".315",".381",".696",".302","999.0","sa3006673"
"Brandon Crawford","Giants","128","575","512","123","27","2","16","65","65","48","132","4","2",".240",".309",".394",".703",".302","534.5","5343"
"Kevin Newman","Pirates","110","488","448","121","23","3","6","53","46","30","64","12","3",".269",".319",".376",".694",".302","511.7","17696"
"Christin Stewart","Tigers","13","55","49","11","2","0","2","6","6","5","14","0","0",".221",".304",".392",".697",".302","599.1","17714"
"Daniel Johnson Jr.","Indians","84","359","328","79","17","2","10","42","40","24","91","6","2",".241",".302",".399",".700",".302","592.6","19643"
"Ryan McBroom","Royals","19","83","75","18","4","0","3","9","10","6","23","0","0",".238",".302",".398",".701",".302","598.6","16524"
"Joshua Jung","Rangers","13","55","50","13","3","0","1","6","6","4","12","0","0",".252",".313",".384",".697",".302","999.0","sa3011468"
"Joey Wendle","Rays","96","411","375","95","21","2","8","47","42","25","81","10","3",".254",".310",".387",".697",".302","321.0","13853"
"Pablo Sandoval","","16","74","67","16","3","0","3","9","9","5","16","0","0",".238",".299",".401",".700",".302","999.0","5409"
"Miguel Rojas","Marlins","131","582","529","142","26","2","8","61","55","38","78","9","3",".268",".323",".369",".692",".302","445.2","7802"
"Mike Tauchman","Yankees","39","169","150","36","7","1","4","20","16","17","38","3","1",".238",".318",".373",".691",".301","572.4","15274"
"Franchy Cordero","Red Sox","100","431","390","89","19","3","14","55","45","35","147","8","3",".229",".297",".403",".700",".301","399.8","14567"
"Taylor Walls","Rays","5","21","19","4","1","0","0","2","2","2","5","1","0",".240",".311",".380",".692",".301","999.0","sa915802"
"Yadiel Hernandez","Nationals","11","52","46","11","2","0","2","6","6","5","13","0","0",".238",".313",".383",".695",".301","999.0","19334"
"Rylan Bannon","Orioles","28","116","103","24","5","0","3","13","11","11","27","1","0",".234",".310",".381",".691",".301","999.0","sa3004162"
"Nick Madrigal","White Sox","141","605","557","157","28","3","3","67","55","34","42","15","5",".282",".329",".360",".689",".301","195.2","20521"
"James McCann","Mets","110","456","414","98","16","1","16","53","53","31","130","3","1",".236",".298",".398",".696",".301","174.8","12859"
"Francisco Mejia","Rays","57","223","204","49","11","1","7","24","27","14","50","1","0",".241",".297",".405",".701",".301","469.7","16403"
"Zack Cozart","","13","56","49","11","2","0","2","6","6","5","11","0","0",".231",".306",".384",".690",".301","999.0","2616"
"Brent Rooker","Twins","36","153","137","30","7","0","5","18","18","13","53","1","0",".222",".298",".397",".696",".301","589.3","19627"
"Jon Berti","Marlins","97","431","380","92","16","3","7","52","33","39","102","16","4",".241",".323",".354",".676",".301","268.9","12037"
"Andres Gimenez","Indians","92","394","360","91","18","3","8","48","37","22","86","15","4",".252",".308",".383",".692",".301","179.5","19950"
"Jason Kipnis","","24","111","99","23","5","0","3","13","12","10","26","1","0",".228",".304",".389",".693",".301","600.8","9776"
"Matt Thaiss","Angels","8","35","31","7","1","0","1","4","4","3","8","0","0",".227",".307",".381",".688",".301","999.0","19318"
"Niko Goodrum","Tigers","102","435","390","88","19","3","13","52","44","40","132","10","3",".226",".300",".393",".694",".301","429.6","12092"
"Yadier Molina","Cardinals","102","419","382","98","19","1","10","46","46","23","64","4","1",".256",".303",".393",".696",".300","272.1","7007"
"Caleb Raleigh","Mariners","11","44","40","9","2","0","2","5","6","3","12","0","0",".220",".285",".422",".707",".300","999.0","sa3008377"
"Nick Ahmed","Diamondbacks","149","671","608","147","30","4","18","79","73","50","137","9","3",".242",".302",".394",".696",".300","422.5","12147"
"Isiah Kiner-Falefa","Rangers","144","610","551","142","25","3","9","68","51","42","99","13","5",".258",".319",".363",".683",".300","294.9","16512"
"Austin Listi","","8","37","33","8","2","0","1","4","4","3","9","0","0",".230",".306",".387",".693",".300","999.0","sa3004170"
"Curt Casali","Giants","45","189","167","38","7","0","6","21","21","18","51","1","0",".225",".308",".379",".687",".300","584.6","12510"
"Jonathan Lucroy","White Sox","11","45","40","10","2","0","1","5","5","4","7","0","0",".249",".317",".369",".686",".300","999.0","7870"
"J.P. Crawford","Mariners","151","637","557","129","26","3","12","71","53","69","127","10","4",".232",".321",".355",".676",".300","453.2","15491"
"Evan White","Mariners","146","617","560","129","23","2","23","68","70","48","185","4","2",".230",".295",".400",".695",".300","423.9","20078"
"Joshua Ockimey","Red Sox","3","14","12","2","1","0","0","2","1","2","5","0","0",".205",".310",".371",".681",".300","999.0","sa829375"
"Zack Collins","White Sox","29","114","97","19","4","0","4","13","13","16","39","0","0",".198",".313",".363",".677",".300","600.9","19181"
"Matt Kemp","","55","238","217","50","10","0","9","26","29","18","68","1","0",".233",".293",".403",".696",".299","999.0","5631"
"Jarren Duran","Red Sox","45","195","179","46","10","1","3","24","17","12","50","6","2",".257",".311",".377",".688",".299","999.0","sa3006786"
"William Contreras","Braves","16","67","62","16","3","0","2","8","7","4","16","0","0",".251",".305",".387",".692",".299","999.0","20503"
"Elias Diaz","Rockies","92","377","348","89","18","1","8","40","40","24","70","1","0",".256",".308",".381",".689",".299","463.3","11680"
"Josh Fuentes","Rockies","97","434","406","102","24","3","11","48","49","19","116","2","1",".252",".292",".407",".699",".299","490.5","16885"
"Jonathan Villar","Mets","62","279","251","60","10","1","7","37","26","24","74","15","4",".241",".310",".373",".683",".299","152.0","10071"
"Matt Beaty","Dodgers","44","201","184","45","10","1","5","24","23","13","35","1","1",".247",".305",".385",".690",".299","999.0","17710"
"Willians Astudillo","Twins","6","26","24","6","1","0","1","3","3","1","2","0","0",".264",".302",".394",".696",".299","597.8","15608"
"Chad Pinder","Athletics","94","399","359","84","17","1","13","42","43","28","103","1","0",".233",".298",".393",".691",".299","532.2","15191"
"Lewin Diaz","Marlins","26","115","106","25","6","0","4","12","15","7","26","0","0",".236",".285",".419",".704",".299","999.0","18365"
"Derek Fisher","Brewers","36","161","141","30","6","1","5","19","17","18","53","3","1",".213",".307",".374",".681",".299","600.8","16192"
"Welington Castillo","","11","47","43","10","2","0","2","5","6","3","14","0","0",".231",".289",".404",".694",".299","999.0","3256"
"LaMonte Wade Jr.","Giants","13","58","50","11","2","0","1","7","5","7","10","1","0",".228",".325",".343",".669",".299","999.0","18126"
"Andrew Knapp","Phillies","37","157","137","31","7","1","4","18","15","17","45","1","0",".225",".316",".361",".677",".299","589.3","14942"
"Ramon Urias","Orioles","10","41","36","8","2","0","1","4","4","3","10","0","0",".232",".307",".375",".682",".298","599.5","18795"
"Jo Adell","Angels","52","225","206","48","10","1","8","27","26","15","73","2","1",".231",".291",".402",".693",".298","359.0","20220"
"John Nogowski","Cardinals","8","36","32","8","1","0","1","4","3","3","5","0","0",".240",".320",".352",".673",".298","999.0","16852"
"Gavin Sheets","White Sox","6","28","25","6","1","0","1","3","3","2","6","0","0",".233",".303",".381",".684",".298","999.0","sa829797"
"Victor Reyes","Tigers","81","345","323","85","14","4","6","40","31","19","69","10","3",".264",".305",".384",".689",".298","208.2","15487"
"Omar Estevez","Dodgers","6","30","27","7","2","0","1","3","3","2","7","0","0",".245",".299",".394",".692",".298","999.0","sa914242"
"Andrelton Simmons","Twins","136","585","536","141","27","2","9","65","56","37","66","8","3",".263",".313",".369",".682",".298","446.8","10847"
"Manny Pina","Brewers","52","217","196","45","9","0","7","23","26","15","53","1","0",".232",".299",".389",".688",".298","598.0","2829"
"Nico Hoerner","Cubs","121","551","504","130","26","4","7","61","51","36","90","9","3",".259",".314",".368",".682",".297","467.6","21479"
"Josh Reddick","","100","434","386","95","17","2","9","47","43","38","73","4","1",".245",".312",".367",".679",".297","593.9","3892"
"Neil Walker","","21","91","80","18","4","0","2","10","9","9","21","0","0",".226",".311",".365",".676",".297","999.0","7539"
"Bobby Bradley","Indians","16","69","62","13","3","0","3","8","9","6","25","0","0",".210",".288",".405",".693",".297","600.6","17278"
"Mark Payton","Reds","13","59","53","12","2","0","2","7","6","5","13","1","0",".231",".300",".384",".685",".297","999.0","16042"
"Austin Barnes","Dodgers","60","254","222","50","10","1","6","31","25","25","60","4","1",".227",".316",".358",".674",".297","559.1","12158"
"Scott Heineman","Reds","3","15","13","3","1","0","0","2","1","1","4","0","0",".237",".301",".382",".682",".297","999.0","14453"
"Nomar Mazara","Tigers","99","421","380","89","18","1","12","44","46","34","98","1","1",".234",".302",".382",".684",".297","548.3","14553"
"Tom Murphy","Mariners","65","255","233","49","10","1","12","28","34","18","89","1","0",".213",".275",".421",".696",".297","328.3","13499"
"Stuart Fairchild","Diamondbacks","2","7","7","2","0","0","0","1","1","1","2","0","0",".235",".302",".380",".682",".297","999.0","sa829822"
"Myles Straw","Astros","120","520","465","119","20","3","4","65","38","48","111","26","6",".257",".328",".338",".666",".297","428.9","17620"
"Chas McCormick","Astros","28","119","107","26","5","1","2","14","12","11","21","2","1",".240",".313",".363",".676",".297","999.0","sa3004174"
"Rio Ruiz","Orioles","120","504","454","104","21","1","16","54","53","44","114","2","1",".229",".298",".388",".686",".297","535.5","14103"
"JaCoby Jones","Tigers","126","539","486","110","23","4","17","63","55","39","161","10","3",".226",".294",".391",".685",".297","456.5","14818"
"Stephen Vogt","Diamondbacks","57","237","215","50","11","2","7","27","27","19","52","2","1",".231",".294",".395",".689",".297","599.3","5000"
"Phillip Ervin","Cubs","19","88","78","18","4","1","2","10","8","8","21","2","1",".227",".307",".367",".674",".296","999.0","14738"
"Elvis Andrus","Athletics","139","592","538","136","27","2","11","68","55","39","95","16","5",".253",".306",".374",".680",".296","440.4","8709"
"Max Moroff","Cardinals","15","65","57","12","2","0","2","8","7","8","20","1","0",".209",".307",".365",".672",".296","999.0","14556"
"Bradley Zimmer","Indians","15","62","55","12","3","0","2","8","6","6","21","2","0",".215",".303",".372",".675",".296","593.1","16221"
"Nick Williams","White Sox","3","14","13","3","1","0","0","2","2","1","4","0","0",".230",".290",".396",".686",".296","999.0","14330"
"Jason Castro","Astros","76","302","262","54","12","1","10","35","35","34","101","1","0",".206",".301",".374",".674",".296","511.1","8722"
"Kevin Kiermaier","Rays","122","522","470","108","20","6","13","65","50","42","126","19","5",".230",".301",".380",".681",".295","508.6","11038"
"Andrew Knizner","Cardinals","55","227","207","51","10","0","5","24","24","15","40","1","0",".246",".305",".374",".679",".295","540.0","19514"
"Cameron Maybin","","50","217","192","44","8","1","5","26","19","22","56","5","2",".230",".313",".353",".666",".295","999.0","5223"
"Abraham Almonte","Braves","11","52","46","10","2","0","1","6","5","5","12","1","0",".224",".306",".368",".674",".295","999.0","5486"
"Victor Caratini","Padres","63","267","238","57","12","0","5","28","28","23","58","1","0",".238",".313",".359",".672",".295","492.2","14968"
"Jace Peterson","","8","37","32","7","1","0","1","4","3","4","8","1","0",".227",".317",".349",".665",".295","999.0","12325"
"Zach McKinstry","Dodgers","18","82","74","17","4","0","2","10","9","7","20","1","0",".234",".303",".372",".675",".295","999.0","19392"
"Ryan McKenna","Orioles","3","14","12","3","1","0","0","1","1","1","4","0","0",".235",".308",".365",".673",".295","999.0","sa875055"
"Ernie Clement","Indians","2","7","6","2","0","0","0","1","1","0","1","0","0",".267",".316",".359",".675",".295","999.0","sa915732"
"Sam Hilliard","Rockies","117","521","475","105","21","5","18","66","57","41","180","13","4",".222",".286",".401",".687",".295","388.8","17954"
"Josh Harrison","Nationals","50","229","209","51","10","1","5","25","24","13","43","3","1",".246",".302",".375",".677",".295","593.8","8202"
"Zachary Short","Tigers","8","35","30","6","2","0","1","4","3","4","10","0","0",".210",".306",".361",".668",".294","999.0","sa873287"
"Luis Rengifo","Angels","10","42","37","9","2","0","1","5","4","4","9","1","0",".233",".311",".356",".667",".294","999.0","19858"
"Freddy Galvis","Orioles","128","538","495","119","21","2","17","58","58","33","123","5","2",".239",".290",".393",".683",".294","502.3","6609"
"Dwight Smith Jr.","","2","7","7","2","0","0","0","1","1","1","2","0","0",".231",".302",".372",".673",".294","999.0","13473"
"Zach Reks","Dodgers","2","7","7","2","0","0","0","1","1","1","2","0","0",".231",".304",".366",".669",".294","999.0","sa3004166"
"Scott Kingery","Phillies","115","522","478","111","24","2","16","61","59","34","140","10","2",".232",".288",".394",".683",".293","341.7","17975"
"Jordy Mercer","","5","22","20","5","1","0","1","2","3","2","5","0","0",".245",".302",".381",".683",".293","999.0","6547"
"Luis Torrens","Mariners","97","376","342","82","18","1","9","38","39","28","76","1","0",".239",".301",".375",".675",".293","515.1","15905"
"Joe Panik","Blue Jays","21","91","81","20","4","0","1","10","9","8","12","1","0",".242",".314",".352",".666",".293","597.7","11936"
"Patrick Mazeika","Mets","3","14","12","3","1","0","0","1","1","1","3","0","0",".227",".300",".369",".669",".293","999.0","sa827167"
"Jesus Sanchez","Marlins","3","14","13","3","1","0","0","2","2","1","4","0","0",".241",".294",".383",".677",".293","599.5","19913"
"Ender Inciarte","Braves","58","266","239","60","10","2","3","32","23","22","45","8","3",".249",".316",".348",".664",".293","598.8","4922"
"Brock Holt","Rangers","37","158","140","34","6","1","2","16","13","15","33","1","1",".241",".321",".336",".656",".293","599.5","9345"
"Sam Haggerty","Mariners","6","27","24","5","1","0","1","3","2","3","8","1","0",".221",".309",".352",".661",".293","599.8","18054"
"Dom Nunez","Rockies","57","232","205","44","9","1","7","26","26","23","64","2","1",".214",".297",".376",".673",".293","599.1","15055"
"Jorge Alfaro","Marlins","81","328","302","71","13","1","10","35","36","17","113","3","1",".235",".292",".386",".678",".293","245.5","12180"
"Jaylin Davis","Giants","5","22","20","4","1","0","1","2","2","2","7","0","0",".226",".295",".379",".674",".292","999.0","19552"
"Eric Sogard","","57","245","217","51","10","1","4","26","22","24","42","2","1",".236",".315",".344",".660",".292","600.8","7927"
"Hanser Alberto","Royals","57","241","227","61","11","1","4","24","25","8","27","2","1",".269",".299",".376",".675",".292","553.3","11902"
"Connor Wong","Red Sox","3","13","12","3","1","0","0","2","1","1","5","0","0",".224",".280",".400",".680",".292","999.0","sa873978"
"Luis Garcia","Nationals","68","310","292","77","14","1","5","34","32","14","57","4","1",".263",".298",".376",".674",".292","999.0","20391"
"Justin Williams","Cardinals","42","189","174","41","8","1","5","21","20","13","48","1","0",".239",".295",".378",".673",".292","999.0","15490"
"Adalberto Mondesi","Royals","147","626","583","138","26","8","18","89","57","32","184","52","9",".237",".279",".404",".683",".291","24.3","13769"
"Robel Garcia","Angels","2","7","6","1","0","0","0","1","1","1","3","0","0",".204",".282",".394",".676",".291","999.0","13167"
"Matt Wieters","","32","128","113","25","4","0","4","14","15","11","32","1","0",".220",".293",".377",".670",".291","999.0","4298"
"Marcus Wilson","Red Sox","2","7","6","1","0","0","0","1","1","1","2","0","0",".219",".293",".375",".668",".291","999.0","sa828703"
"Isan Diaz","Marlins","86","381","337","72","16","1","11","41","39","37","110","5","2",".214",".298",".368",".666",".291","597.0","17922"
"Leury Garcia","White Sox","44","188","173","45","7","1","3","21","17","10","41","4","1",".257",".304",".362",".666",".291","594.5","5913"
"Scott Schebler","Angels","2","7","6","1","0","0","0","1","1","1","2","0","0",".214",".292",".375",".668",".291","999.0","12225"
"Bret Boswell","Rockies","8","36","33","8","2","0","1","4","4","2","12","0","0",".225",".280",".398",".678",".291","999.0","sa918769"
"Kyle Farmer","Reds","75","335","308","72","17","1","9","37","36","20","77","3","1",".235",".289",".383",".672",".290","600.2","14813"
"Logan Forsythe","","32","140","121","26","5","0","3","15","13","16","39","0","0",".213",".314",".330",".644",".290","999.0","7185"
"Chris Owings","Rockies","13","58","53","13","3","0","1","7","6","4","17","1","0",".237",".288",".385",".673",".290","600.3","10030"
"Blaze Tom","Athletics","52","220","196","43","10","1","6","24","21","20","59","3","1",".220",".297",".368",".665",".290","999.0","sa875069"
"Joshua Palacios","Blue Jays","13","56","51","12","3","0","1","6","5","5","15","1","0",".234",".304",".354",".658",".290","999.0","sa829562"
"Tyler Naquin","","52","224","206","48","10","1","6","25","24","15","62","2","1",".233",".289",".383",".672",".290","600.2","13359"
"Lucas Raley","Dodgers","3","15","13","3","1","0","0","2","2","1","5","0","0",".223",".292",".372",".664",".289","999.0","sa918048"
"Martin Maldonado","Astros","78","308","270","57","10","0","10","34","34","26","84","1","0",".212",".297",".361",".657",".289","496.3","6887"
"Chris Shaw","Orioles","3","14","12","3","1","0","1","1","2","1","4","0","0",".219",".278",".396",".674",".289","999.0","17738"
"Phillip Evans","Pirates","79","352","319","75","16","1","7","35","35","27","63","2","1",".234",".300",".359",".658",".289","600.4","12950"
"Taylor Jones","Astros","3","14","12","3","1","0","0","2","2","1","4","0","0",".219",".299",".360",".659",".289","999.0","19533"
"Khalil Lee","Mets","2","7","6","1","0","0","0","1","1","1","2","0","0",".218",".306",".345",".651",".289","598.4","sa917996"
"Mark Trumbo","","23","98","89","19","3","0","4","11","12","8","27","0","0",".217",".282",".386",".668",".289","999.0","6876"
"Andy Ibanez","","10","41","37","9","2","0","1","4","4","3","8","0","0",".236",".296",".370",".665",".289","999.0","sa914201"
"Kyle Higashioka","Yankees","40","161","148","32","6","0","7","18","21","11","42","0","0",".216",".271",".409",".679",".289","507.9","5517"
"Jeffrey Bleday","","8","36","33","7","2","0","1","4","4","3","9","0","0",".228",".291",".376",".667",".289","999.0","sa3011642"
"Mauricio Dubon","Giants","105","473","438","109","21","2","9","53","47","27","90","10","3",".249",".296",".371",".667",".289","276.5","16530"
"Kevan Smith","","13","51","46","11","2","0","1","5","5","4","10","0","0",".243",".305",".349",".655",".289","999.0","12284"
"Franklin Barreto","Angels","37","162","147","32","6","1","6","19","18","11","54","3","1",".219",".283",".385",".668",".289","599.4","15519"
"Greg Garcia","","16","69","60","14","2","0","1","7","5","8","16","0","0",".227",".324",".315",".639",".289","999.0","10951"
"Jorge Ona","Padres","3","15","13","3","1","0","0","2","2","1","4","0","0",".228",".295",".368",".663",".289","999.0","20040"
"Edward Olivares","Royals","75","316","293","71","15","2","7","35","32","17","68","7","2",".241",".289",".378",".668",".288","517.8","19698"
"Mallex Smith","","2","7","7","2","0","0","0","1","0","1","2","0","0",".242",".312",".338",".650",".288","599.8","13608"
"Orlando Arcia","Brewers","131","594","546","133","24","2","15","63","64","40","114","8","3",".243",".295",".374",".669",".288","505.5","13185"
"Tres Barrera","Nationals","2","6","6","1","0","0","0","1","1","0","1","0","0",".234",".295",".366",".661",".288","999.0","19977"
"Chris Herrmann","","5","19","17","3","1","0","0","2","2","2","6","0","0",".210",".301",".352",".652",".288","999.0","9284"
"Travis Blankenhorn","Twins","5","21","19","4","1","0","1","2","2","1","6","0","0",".224",".283",".385",".668",".288","999.0","18395"
"Jake Fraley","Mariners","29","123","112","25","6","1","3","14","12","9","31","3","1",".225",".288",".379",".667",".288","999.0","19260"
"Anderson Tejeda","Rangers","18","75","69","15","3","0","2","9","8","5","26","1","0",".222",".280",".388",".668",".288","573.6","19909"
"Akil Baddoo","Tigers","5","21","18","4","1","0","1","2","2","2","6","0","0",".209",".291",".367",".658",".287","999.0","sa917953"
"Lucius Fox","Royals","8","34","31","7","1","0","0","4","3","3","8","1","0",".235",".309",".340",".648",".287","999.0","sa914200"
"Mike Zunino","Rays","92","363","325","63","12","0","17","39","48","29","132","0","0",".195",".274",".389",".663",".287","534.2","13265"
"Shed Long","Mariners","65","274","247","55","11","1","7","30","25","23","74","5","2",".224",".295",".361",".656",".287","592.8","16542"
"Luis Gonzalez","White Sox","6","28","25","6","1","0","1","3","3","2","6","0","0",".229",".295",".362",".657",".287","999.0","20332"
"Deivy Grullon","Reds","6","27","25","6","1","0","1","3","3","2","9","0","0",".223",".279",".386",".665",".287","598.5","15988"
"Lane Thomas","Cardinals","44","196","177","39","8","1","6","23","19","16","58","4","1",".219",".288",".371",".658",".287","599.6","16939"
"Jose Marmolejos","Mariners","71","302","276","63","13","1","9","30","32","21","77","1","0",".228",".287",".375",".663",".287","592.1","15767"
"Nicholas Gordon","Twins","3","14","13","3","1","0","0","2","1","1","3","0","0",".245",".296",".362",".658",".287","999.0","sa828662"
"Jake Marisnick","","68","309","278","60","12","1","11","37","31","20","97","8","3",".216",".279",".384",".664",".287","599.5","11339"
"Jose Peraza","","5","22","20","5","1","0","0","2","2","1","3","1","0",".254",".298",".361",".659",".286","999.0","13593"
"Phil Gosselin","Angels","11","49","45","10","2","0","1","5","5","4","11","0","0",".234",".298",".357",".654",".286","999.0","10953"
"Mickey Moniak","Phillies","19","88","82","19","5","1","2","10","9","5","24","1","0",".235",".286",".378",".664",".286","999.0","19956"
"Michael A. Taylor","Royals","81","344","313","70","15","2","10","39","36","26","103","10","3",".224",".285",".379",".664",".286","545.5","11489"
"Andrew Stevenson","Nationals","60","273","249","59","11","2","5","31","24","20","73","6","2",".238",".300",".351",".651",".286","537.2","17932"
"Albert Almora Jr.","Mets","45","205","190","47","9","1","5","22","21","12","38","1","0",".248",".293",".372",".665",".286","597.7","14109"
"Tony Kemp","Athletics","87","371","329","77","14","2","4","40","28","34","58","8","3",".235",".311",".331",".643",".286","599.6","14894"
"Kyle Holder","Reds","45","205","188","45","9","1","4","22","20","14","37","1","1",".240",".294",".362",".656",".286","999.0","sa857840"
"Adam Engel","White Sox","71","306","278","63","13","2","8","36","28","19","84","7","2",".225",".287",".368",".655",".286","593.7","15082"
"Santiago Espinal","Blue Jays","8","35","32","8","2","0","1","4","3","2","7","0","0",".245",".298",".357",".654",".285","999.0","19997"
"Oscar Mercado","Indians","110","470","425","99","21","2","10","54","43","32","105","17","5",".232",".292",".363",".655",".285","374.5","16375"
"Travis Demeritte","Braves","8","37","33","7","2","0","1","4","4","3","12","0","0",".212",".285",".370",".655",".285","999.0","15958"
"Troy Stokes","Pirates","2","7","6","1","0","0","0","1","1","1","2","0","0",".212",".295",".352",".647",".285","999.0","sa828871"
"Guillermo Heredia","Mets","6","29","26","6","1","0","1","3","3","2","6","0","0",".227",".306",".336",".642",".285","999.0","18721"
"Luis Guillorme","Mets","47","213","189","45","8","0","2","22","18","21","42","2","1",".237",".315",".321",".636",".285","600.4","16451"
"Chad Tromp","Giants","3","14","12","3","1","0","0","1","2","1","3","0","0",".225",".284",".373",".657",".285","999.0","16953"
"Ehire Adrianza","","18","81","73","17","4","0","1","9","8","6","17","1","0",".234",".302",".346",".648",".285","599.7","8418"
"Gerardo Parra","","26","118","108","26","5","0","2","13","12","8","24","2","1",".243",".299",".353",".652",".285","999.0","8553"
"Jasrado Chisholm","Marlins","47","208","188","39","7","1","7","24","22","17","74","4","1",".207",".280",".376",".656",".285","999.0","20454"
"Jake Rogers","Tigers","31","120","107","22","5","1","4","13","13","11","38","1","0",".202",".284",".367",".651",".285","600.9","19452"
"Mark Mathias","Brewers","15","66","59","13","3","0","1","7","6","5","16","1","0",".223",".297",".350",".646",".285","999.0","18032"
"Yolmer Sanchez","Orioles","71","299","270","64","13","2","4","32","23","23","65","4","2",".238",".303",".342",".645",".285","598.1","11602"
"Greg Allen","Yankees","6","28","25","6","1","0","0","3","2","2","6","1","0",".228",".304",".337",".642",".284","999.0","16623"
"Daz Cameron","Tigers","24","104","93","20","4","1","2","11","9","8","31","2","1",".219",".291",".359",".650",".284","599.6","18353"
"Hernan Perez","","3","15","14","3","1","0","0","2","2","1","3","0","0",".238",".280",".381",".661",".284","999.0","5751"
"Max Schrock","Reds","10","44","40","10","2","0","1","5","4","3","7","1","0",".242",".299",".349",".648",".284","999.0","17750"
"Jared Oliva","Pirates","44","194","175","41","9","1","3","21","16","13","50","6","1",".234",".297",".352",".649",".284","999.0","19968"
"Kramer Robertson","Cardinals","2","7","6","1","0","0","0","1","1","1","1","0","0",".226",".308",".328",".636",".284","999.0","sa857820"
"Brett Phillips","Rays","16","70","61","12","3","0","2","8","7","7","24","2","1",".200",".290",".359",".649",".284","600.9","14735"
"Joey Bart","Giants","19","80","74","17","3","0","2","9","9","4","22","0","0",".230",".280",".378",".658",".284","464.5","21524"
"Jacob Stallings","Pirates","94","381","345","80","17","0","8","35","40","27","90","0","0",".233",".295",".357",".652",".284","422.9","13723"
"Jahmai Jones","Orioles","66","279","252","58","11","1","6","30","24","22","65","5","2",".229",".296",".350",".646",".284","600.8","18872"
"Estevan Florial","Yankees","3","14","13","3","1","0","0","2","1","1","5","0","0",".212",".286",".363",".649",".283","999.0","19151"
"Connor Chatham","Phillies","19","88","83","21","4","0","1","9","9","4","21","1","0",".255",".294",".361",".655",".283","999.0","sa873984"
"Jacob Nottingham","Brewers","32","135","122","25","5","0","5","14","16","9","44","1","0",".208",".280",".373",".653",".283","599.1","16448"
"DJ Peters","Dodgers","2","7","7","1","0","0","0","1","1","1","3","0","0",".202",".282",".366",".648",".283","999.0","sa829712"
"Ildemaro Vargas","Cubs","31","140","130","33","6","1","2","14","13","8","18","1","0",".251",".296",".354",".649",".283","999.0","13324"
"Cole Tucker","Pirates","99","438","398","93","19","3","7","47","39","33","103","10","2",".233",".295",".352",".647",".283","598.6","17326"
"Kevin Smith","Blue Jays","2","7","6","1","0","0","0","1","1","0","2","0","0",".214",".267",".396",".663",".283","999.0","sa915864"
"Tim Lopes","Brewers","8","37","34","8","2","0","0","4","3","2","8","1","0",".243",".297",".348",".645",".283","999.0","14137"
"Steven Duggar","Giants","24","109","99","23","5","1","2","12","9","9","32","2","1",".230",".297",".346",".644",".283","999.0","17719"
"Donnie Walton","Mariners","6","27","25","6","1","0","0","3","2","2","5","0","0",".232",".304",".333",".637",".283","999.0","19314"
"Matt Reynolds","White Sox","3","14","12","3","1","0","0","1","1","1","4","0","0",".224",".301",".337",".638",".283","999.0","13788"
"Cedric Mullins II","Orioles","45","191","174","40","9","1","4","21","16","13","39","5","1",".231",".288",".361",".649",".282","467.4","17929"
"Delino DeShields","","34","144","125","29","5","1","2","17","8","14","36","6","2",".230",".310",".322",".633",".282","600.1","11379"
"Taylor Trammell","Mariners","49","206","182","39","8","1","5","22","18","20","60","4","1",".214",".297",".341",".637",".282","999.0","sa917943"
"Jason Martin","","2","7","6","1","0","0","0","1","1","1","2","0","0",".226",".286",".365",".651",".282","999.0","16429"
"Danny Mendick","White Sox","19","83","76","17","3","0","2","9","8","6","18","1","0",".229",".294",".349",".642",".282","999.0","18889"
"Will Craig","Pirates","15","65","58","13","3","0","2","6","7","5","19","0","0",".215",".288",".357",".645",".282","999.0","19267"
"Breyvic Valera","Blue Jays","2","7","6","2","0","0","0","1","1","1","1","0","0",".238",".300",".342",".643",".282","999.0","12758"
"Jose Briceno","Rockies","13","53","49","11","2","0","2","6","6","3","13","1","0",".225",".269",".389",".659",".282","999.0","13151"
"Alex Jackson","Braves","32","135","122","25","5","0","5","15","17","9","51","0","0",".203",".271",".385",".656",".282","599.6","17276"
"Pat Valaika","Orioles","42","177","164","36","7","0","6","18","19","10","48","1","0",".221",".269",".389",".658",".282","517.7","14885"
"Jonathan Davis","Blue Jays","8","35","31","7","1","0","1","4","3","3","9","1","0",".213",".297",".339",".636",".282","999.0","15104"
"Sheldon Neuse","Dodgers","23","104","96","22","4","0","2","12","11","7","33","1","0",".232",".288",".360",".648",".282","599.4","19635"
"Edmundo Sosa","Cardinals","34","153","142","34","7","1","3","16","15","7","35","1","1",".242",".286",".365",".651",".282","999.0","17022"
"Sean Rodriguez","","10","42","36","7","1","0","1","5","4","4","15","0","0",".193",".288",".347",".636",".282","999.0","6589"
"Brandon Drury","Mets","6","29","27","6","1","0","1","3","3","2","7","0","0",".224",".284",".363",".647",".281","999.0","11615"
"Mike Freeman","Indians","3","14","12","3","1","0","0","1","1","1","4","0","0",".229",".301",".334",".635",".281","999.0","11241"
"Kyle Garlick","Twins","5","21","19","4","1","0","1","2","2","1","7","0","0",".212",".271",".384",".655",".281","999.0","18063"
"Alexander De Goti","Astros","3","14","13","3","1","0","0","2","1","1","3","0","0",".228",".289",".352",".641",".281","999.0","sa919320"
"Blake Rutherford","White Sox","2","7","6","1","0","0","0","1","1","0","2","0","0",".232",".288",".358",".646",".281","999.0","sa917932"
"Thairo Estrada","Yankees","15","63","59","14","2","0","1","7","6","3","15","1","0",".238",".287",".358",".645",".281","999.0","16426"
"Charlie Culberson","","42","178","165","38","7","1","5","18","18","10","48","2","1",".229",".279",".372",".651",".281","999.0","3298"
"Micker Adolfo","White Sox","18","76","69","14","3","0","3","8","8","6","30","0","0",".205",".279",".362",".641",".280","999.0","sa830303"
"Patrick Higgins","Cubs","5","20","18","4","1","0","0","2","2","2","4","0","0",".230",".298",".335",".633",".280","999.0","sa875573"
"Roman Quinn","Phillies","53","243","221","50","9","2","5","32","19","17","73","14","3",".227",".289",".350",".640",".280","528.8","13546"
"Cam Gallagher","Royals","37","144","130","30","6","0","3","13","14","11","28","0","0",".228",".292",".346",".638",".280","595.5","12981"
"Eli White","Rangers","29","123","112","25","5","1","2","13","11","9","36","2","1",".224",".289",".348",".636",".280","999.0","19346"
"Vimael Machin","Athletics","29","124","110","25","5","0","1","12","10","12","22","1","0",".231",".306",".326",".632",".280","999.0","17684"
"Juan Lagares","Angels","18","77","70","17","3","0","1","8","7","5","18","1","0",".236",".295",".347",".642",".279","999.0","5384"
"Brian O'Grady","Padres","11","52","46","9","2","0","2","6","6","5","16","1","0",".200",".279",".365",".644",".279","999.0","16729"
"Erik Gonzalez","Pirates","52","230","213","51","11","1","4","24","21","12","59","4","1",".239",".282",".362",".644",".279","570.9","13369"
"Roberto Perez","Indians","96","373","324","66","11","1","11","39","35","38","119","1","0",".203",".291",".341",".631",".279","484.3","2900"
"John Hicks","Rangers","5","19","17","4","1","0","1","2","2","1","6","0","0",".221",".270",".376",".646",".279","999.0","12547"
"Austin Allen","Athletics","16","63","58","13","3","0","2","6","7","4","17","0","0",".221",".279",".366",".645",".279","600.2","18083"
"Yu-Cheng Chang","Indians","11","48","43","9","2","0","1","5","5","4","15","0","0",".209",".284",".353",".636",".278","600.3","14773"
"Austin Hedges","Indians","50","195","176","36","7","0","8","20","23","14","58","1","0",".204",".270",".376",".647",".278","597.5","12976"
"Kelvin Gutierrez","Royals","6","28","25","6","1","0","0","3","2","2","7","0","0",".233",".291",".341",".632",".278","999.0","17468"
"Reese McGuire","Blue Jays","37","147","133","30","6","0","3","16","14","11","31","1","0",".224",".287",".350",".636",".278","601.0","15674"
"Bryan Holaday","Diamondbacks","3","14","12","3","1","0","0","1","1","1","3","0","0",".227",".293",".345",".638",".278","999.0","11287"
"Tyler Wade","Yankees","24","106","95","21","4","0","2","12","9","9","27","3","1",".221",".292",".337",".629",".278","600.5","15730"
"Tyrone Taylor","Brewers","21","95","88","19","4","0","3","10","10","5","22","1","0",".220",".273",".369",".642",".278","600.4","13675"
"Anthony Alford","Pirates","97","431","388","85","18","2","8","48","36","34","137","15","3",".219",".290",".338",".629",".278","583.4","14329"
"Tyler Heineman","","8","33","30","7","1","0","1","3","3","2","6","0","0",".226",".291",".341",".632",".278","999.0","13897"
"Grayson Greiner","Tigers","49","189","172","36","7","1","6","19","20","14","56","0","0",".211",".277",".360",".636",".278","599.4","17062"
"Nicky Lopez","Royals","130","550","499","122","20","4","4","56","43","40","82","8","3",".244",".303",".322",".625",".277","596.9","19339"
"Rene Rivera","","19","77","70","15","3","0","3","8","9","5","25","0","0",".209",".272",".366",".638",".277","999.0","3648"
"Nate Orf","","8","34","30","6","1","0","0","3","3","3","7","0","0",".216",".304",".313",".618",".277","999.0","15407"
"Dustin Fowler","Athletics","11","48","45","10","2","0","1","5","5","3","13","1","0",".226",".274",".368",".642",".277","599.6","17098"
"Sergio Alcantara","Cubs","3","15","13","3","1","0","0","1","1","1","3","0","0",".235",".301",".322",".622",".277","999.0","16417"
"Beau Taylor","Indians","16","63","55","11","2","0","1","6","5","7","19","0","0",".205",".300",".314",".615",".276","999.0","12384"
"Dee Gordon","","44","198","185","49","6","2","1","24","14","8","32","9","3",".264",".298",".332",".630",".276","586.6","8203"
"Jose  Garcia","Reds","40","183","170","40","9","0","4","20","18","8","48","2","1",".233",".279",".357",".636",".276","999.0","23378"
"Garrett Stubbs","Astros","8","32","29","6","1","0","0","3","3","3","6","0","0",".220",".293",".331",".624",".276","999.0","18067"
"Travis Jankowski","","15","66","59","14","2","0","0","8","4","6","16","3","1",".231",".308",".303",".611",".276","999.0","13768"
"Jonah Heim","Rangers","60","232","212","48","10","0","5","21","22","17","44","0","0",".225",".285",".344",".629",".275","575.4","16930"
"Ronnie Dawson","Astros","6","28","25","5","1","0","1","3","3","2","9","1","0",".203",".279",".347",".626",".275","999.0","sa873674"
"Lewis Brinson","Marlins","68","302","276","60","12","2","8","32","29","19","89","5","2",".216",".276",".358",".633",".275","587.8","14352"
"Dustin Garneau","Tigers","6","26","23","5","1","0","1","2","3","2","7","0","0",".199",".275",".350",".625",".275","999.0","9433"
"Luis Barrera","Athletics","18","76","70","16","3","1","1","8","6","5","18","1","0",".233",".284",".344",".628",".274","999.0","sa736690"
"Michael Perez","Pirates","40","164","148","31","7","0","4","15","17","14","44","0","0",".212",".282",".340",".622",".273","999.0","12977"
"Jack Mayfield","Braves","5","22","21","5","1","0","1","2","2","1","5","0","0",".220",".269",".362",".631",".273","999.0","15402"
"Harold Castro","Tigers","29","124","116","29","5","1","1","12","11","6","25","1","0",".248",".287",".337",".625",".273","598.4","14691"
"Tony Wolters","","28","112","99","22","4","0","1","10","9","10","24","0","0",".224",".302",".310",".612",".273","999.0","11470"
"Seby Zavala","White Sox","3","13","12","2","1","0","0","1","1","1","5","0","0",".204",".267",".361",".628",".273","999.0","18887"
"Meibrys Viloria","Royals","13","50","46","10","2","0","1","5","5","4","13","0","0",".226",".289",".327",".616",".273","999.0","17109"
"Lucas Erceg","","11","51","47","10","2","0","1","5","5","4","13","0","0",".214",".273",".354",".626",".272","999.0","sa872722"
"Braden Bishop","Mariners","19","82","74","17","3","0","1","8","7","6","21","1","0",".223",".291",".321",".613",".272","999.0","17806"
"Jason Vosler","Giants","5","22","20","4","1","0","1","2","2","2","7","0","0",".204",".276",".344",".620",".272","999.0","sa829190"
"Jake Noll","Nationals","8","37","34","8","2","0","1","4","4","2","8","0","0",".234",".277",".350",".626",".272","999.0","19703"
"Jon Jay","","8","35","32","8","1","0","0","3","3","2","7","0","0",".240",".301",".304",".605",".271","999.0","5227"
"Jose Trevino","Rangers","91","353","329","76","15","0","9","32","36","18","64","0","0",".230",".271",".356",".626",".271","510.5","16725"
"Chad Wallach","Marlins","66","269","240","50","10","0","6","25","25","22","79","0","0",".207",".282",".330",".612",".271","598.7","17161"
"Chris Davis","Orioles","40","170","150","28","5","0","6","17","18","17","63","0","0",".185",".275",".336",".611",".270","600.8","9272"
"Richie Martin Jr.","Orioles","24","102","93","21","4","1","2","11","7","6","26","2","1",".223",".284",".329",".613",".270","600.0","17736"
"Derek Hill","Tigers","2","7","6","1","0","0","0","1","1","0","2","0","0",".214",".273",".340",".614",".269","999.0","16947"
"Magneuris Sierra","Marlins","31","136","127","30","5","1","1","15","10","7","28","5","1",".240",".285",".328",".612",".269","597.2","17023"
"Austin Wynns","","3","13","11","3","0","0","0","1","1","1","3","0","0",".221",".283",".320",".604",".268","999.0","15271"
"Austin Romine","Cubs","50","208","192","43","8","0","5","20","20","11","57","1","0",".223",".269",".346",".615",".268","573.0","5491"
"Andrew Velazquez","","3","14","13","3","1","0","0","2","1","1","4","0","0",".215",".276",".333",".609",".267","999.0","14196"
"Billy Hamilton","Indians","29","124","112","25","4","1","1","15","7","10","29","9","2",".225",".290",".310",".600",".267","599.2","10199"
"Anthony Bemboom","Angels","10","38","34","7","1","0","1","4","4","3","10","0","0",".204",".275",".332",".607",".266","999.0","13854"
"Bubba Starling","Royals","5","21","19","4","1","0","0","2","2","1","6","0","0",".217",".269",".340",".609",".266","999.0","13356"
"Monte Harrison","Marlins","10","43","39","8","2","0","1","5","4","3","17","1","0",".204",".270",".334",".603",".266","589.4","17216"
"Gregory Deichmann","Athletics","8","34","31","6","1","0","1","4","3","3","12","1","0",".195",".266",".340",".607",".266","999.0","sa3004977"
"Sandy Leon","","15","60","53","11","2","0","1","5","5","5","16","0","0",".201",".277",".321",".597",".265","999.0","5273"
"Drew Butera","","10","37","33","7","1","0","1","3","3","3","10","0","0",".208",".276",".324",".599",".264","999.0","3411"
"Tomas Nido","Mets","49","201","188","41","8","0","5","19","21","10","50","0","0",".221",".265",".344",".609",".263","999.0","13755"
"Aramis Garcia","Athletics","37","144","133","27","6","0","4","13","15","9","49","0","0",".203",".261",".341",".602",".263","999.0","16925"
"Keon Broxton","Twins","5","21","19","3","1","0","1","3","2","2","9","1","0",".185",".267",".327",".594",".263","999.0","9253"
"Jorge Mateo","Padres","23","103","96","21","5","1","2","12","9","5","32","4","1",".214",".261",".346",".607",".262","599.6","17273"
"Nick Heath","Royals","13","55","49","10","2","0","1","6","4","5","18","3","1",".212",".282",".305",".587",".262","999.0","19577"
"Seth Brown","Athletics","94","399","365","73","17","2","10","38","37","29","130","3","1",".200",".263",".337",".600",".262","597.6","18171"
"Jeff Mathis","Phillies","6","27","25","5","1","0","1","3","3","2","9","0","0",".202",".262",".336",".598",".261","999.0","3448"
"Skye Bolt","Athletics","2","7","6","1","0","0","0","1","1","1","2","0","0",".195",".270",".321",".591",".261","999.0","17723"
"Ronald Torreyes","","6","29","28","7","1","0","0","3","3","1","4","0","0",".237",".272",".327",".599",".261","999.0","11400"
"Jose Siri","Astros","13","56","52","11","2","0","2","6","6","3","21","1","0",".204",".256",".347",".603",".261","999.0","sa736940"
"Jarrod Dyson","","40","175","156","33","5","1","1","20","10","16","35","10","2",".211",".290",".288",".577",".261","999.0","4866"
"Corey Ray","Brewers","3","15","13","3","1","0","0","2","1","1","6","0","0",".191",".262",".333",".596",".260","999.0","sa738510"
"Luke Maile","Brewers","16","67","61","12","3","0","1","6","6","5","18","0","0",".203",".269",".318",".586",".259","999.0","13355"
"Caleb Joseph","","13","51","47","10","2","0","1","5","5","3","15","0","0",".212",".264",".325",".589",".259","999.0","7087"
"Albert Pujols","Angels","84","365","346","73","13","0","12","34","41","15","56","1","0",".210",".243",".351",".594",".255","585.8","1177"
"Michael Reed","Athletics","3","14","13","2","1","0","0","1","1","1","5","0","0",".197",".258",".323",".581",".253","999.0","sa738683"
