"Name","Team","W","L","SV","ERA","GS","G","IP","H","ER","HR","SO","BB","WHIP","K/9","BB/9","FIP","ADP","playerid"
"Jacob deGrom","Mets","16","8","0","3.06","32","32","204.0","157","69","22","272","62","1.07","12.00","2.72","2.96","5.7","10954"
"Liam Hendriks","White Sox","3","2","0","3.31","0","68","68.0","55","25","8","93","20","1.10","12.30","2.60","3.01","59.6","3548"
"Edwin Diaz","Mets","3","2","0","3.16","0","63","63.0","47","22","7","92","23","1.12","13.15","3.35","3.02","80.2","14710"
"Shane Bieber","Indians","14","9","0","3.18","31","31","192.0","159","68","23","245","47","1.07","11.47","2.20","3.04","9.3","19427"
"Aroldis Chapman","Yankees","4","2","0","2.98","0","63","63.0","45","21","6","89","28","1.16","12.78","4.06","3.06","72.1","10233"
"James Karinchak","Indians","3","2","0","3.01","0","63","63.0","41","21","7","100","32","1.17","14.28","4.57","3.07","102.3","20151"
"Josh Hader","Brewers","3","2","0","2.89","0","63","63.0","40","20","8","95","26","1.05","13.51","3.66","3.11","58.3","14212"
"Jose Castillo","Padres","1","0","0","3.13","0","10","10.0","8","3","1","12","4","1.15","11.04","3.24","3.16","999.0","17169"
"Taylor Rogers","Twins","3","2","0","3.48","0","63","63.0","58","24","6","68","16","1.19","9.70","2.34","3.20","151.5","13449"
"Nick Anderson","Rays","3","2","0","3.18","0","63","63.0","47","22","9","88","19","1.05","12.52","2.78","3.29","163.0","18337"
"Chris Sale","Red Sox","7","5","0","3.44","16","16","96.0","77","37","13","130","28","1.10","12.23","2.66","3.31","256.3","10603"
"Devin Williams","Brewers","3","2","0","3.30","0","63","63.0","47","23","6","86","31","1.23","12.30","4.42","3.37","179.2","15816"
"Aaron Bummer","White Sox","3","2","0","3.00","0","62","62.0","52","21","4","60","25","1.25","8.74","3.62","3.41","497.8","16258"
"Kirby Yates","Blue Jays","3","2","0","3.47","0","60","60.0","46","23","9","89","21","1.11","13.28","3.09","3.43","145.0","9073"
"Richard Lovelady","Royals","2","2","0","3.36","0","44","44.0","41","16","3","38","13","1.23","7.85","2.75","3.45","999.0","19337"
"Gerrit Cole","Yankees","15","9","0","3.54","32","32","200.0","163","79","31","265","56","1.09","11.92","2.52","3.48","6.4","13125"
"Ryan Pressly","Astros","3","2","0","3.51","0","62","62.0","54","24","8","71","18","1.16","10.23","2.59","3.54","118.3","7005"
"Luis Severino","Yankees","6","4","0","3.61","15","15","85.0","77","34","11","93","22","1.15","9.88","2.28","3.54","451.3","15890"
"Joely Rodriguez","Rangers","3","3","0","3.57","0","63","63.0","55","25","6","72","28","1.31","10.34","3.96","3.58","587.0","11487"
"Tyler Glasnow","Rays","12","8","0","3.47","28","28","161.0","126","62","23","212","59","1.15","11.83","3.30","3.59","49.9","14374"
"Dellin Betances","Mets","3","2","0","3.60","0","55","55.0","44","22","6","69","25","1.25","11.35","4.10","3.61","598.3","6216"
"Jake Diekman","Athletics","3","2","0","3.23","0","63","63.0","48","23","5","77","34","1.30","11.01","4.87","3.61","280.1","5003"
"Andrew Chafin","Cubs","3","2","0","3.56","0","60","60.0","52","24","6","65","25","1.29","9.75","3.72","3.62","999.0","12988"
"Kenley Jansen","Dodgers","4","2","0","3.62","0","63","63.0","52","25","9","74","15","1.07","10.58","2.21","3.63","130.4","3096"
"Brandon Woodruff","Brewers","12","9","0","3.57","29","29","172.0","148","68","21","189","50","1.15","9.87","2.60","3.64","33.8","16162"
"Francis Martes","Astros","0","0","0","3.51","0","8","8.0","6","3","1","9","4","1.25","10.62","4.02","3.65","999.0","17303"
"Keone Kela","Padres","2","1","0","3.56","0","42","42.0","34","17","5","49","16","1.18","10.42","3.36","3.66","579.9","14696"
"Cionel Perez","Reds","1","0","0","3.59","0","12","12.0","11","5","1","12","5","1.31","9.00","3.73","3.68","999.0","19614"
"Cody Stashak","Twins","3","2","0","3.72","0","56","56.0","49","23","8","61","14","1.12","9.79","2.24","3.69","599.8","18088"
"Walker Buehler","Dodgers","13","7","0","3.64","29","29","167.0","146","68","22","183","46","1.15","9.86","2.47","3.69","18.9","19374"
"Blake Snell","Padres","11","8","0","3.86","28","28","160.0","140","69","21","192","60","1.25","10.79","3.39","3.70","43.1","13543"
"Chad Green","Yankees","3","2","0","3.98","0","60","60.0","55","27","9","74","17","1.20","11.07","2.49","3.70","565.5","15552"
"Brusdar Graterol","Dodgers","4","2","0","3.41","0","60","60.0","54","23","5","52","19","1.21","7.77","2.83","3.71","502.1","20367"
"Jose Leclerc","Rangers","3","3","0","3.39","0","60","60.0","40","23","6","84","36","1.27","12.59","5.40","3.72","309.3","14524"
"Jake McGee","Giants","3","2","0","3.79","0","60","60.0","53","25","8","67","19","1.20","10.03","2.83","3.72","535.6","7550"
"Brent Suter","Brewers","3","2","0","3.71","0","60","60.0","56","25","8","61","15","1.18","9.17","2.26","3.74","548.0","13942"
"Kevin Gausman","Giants","10","10","0","4.11","29","29","169.0","160","77","22","189","57","1.28","10.05","3.03","3.75","136.1","14107"
"Max Scherzer","Nationals","12","9","0","3.75","29","29","178.0","149","74","28","222","51","1.12","11.22","2.59","3.77","28.3","3137"
"Diego Castillo","Rays","3","2","0","3.37","0","63","63.0","53","24","7","63","21","1.18","9.07","3.00","3.78","319.1","17496"
"Alex Reyes","Cardinals","3","2","0","3.46","0","58","58.0","44","22","5","70","33","1.32","10.89","5.09","3.78","391.3","15015"
"Jose Alvarado","Phillies","3","2","0","3.54","0","58","58.0","51","23","5","59","27","1.34","9.22","4.19","3.78","571.8","17780"
"Alex Claudio","Angels","3","2","0","3.57","0","52","52.0","51","21","5","37","13","1.23","6.41","2.22","3.80","999.0","12890"
"Yu Darvish","Padres","13","9","0","3.83","31","31","184.0","155","78","26","219","62","1.18","10.73","3.03","3.80","17.6","13074"
"Tyler Rogers","Giants","3","2","0","3.76","0","63","63.0","59","26","5","54","24","1.33","7.74","3.48","3.80","545.1","15541"
"Austin Adams","Padres","3","2","0","3.60","0","52","52.0","38","21","5","74","35","1.39","12.85","6.03","3.80","592.2","13801"
"Dinelson Lamet","Padres","10","7","0","3.86","24","24","139.0","115","60","19","174","54","1.22","11.27","3.48","3.80","88.5","17186"
"Corbin Burnes","Brewers","9","8","0","3.84","24","24","140.0","120","60","18","167","55","1.25","10.75","3.54","3.81","60.7","19361"
"Tyler Duffey","Twins","3","2","0","3.96","0","60","60.0","57","26","9","65","16","1.22","9.75","2.44","3.81","518.6","13758"
"A.J. Puk","Athletics","4","4","0","3.65","10","20","66.0","55","27","8","74","27","1.24","10.05","3.69","3.81","393.8","19343"
"Phil Maton","Indians","3","2","0","3.79","0","60","60.0","52","25","8","70","21","1.22","10.44","3.19","3.81","598.9","18064"
"A.J. Minter","Braves","3","2","0","3.85","0","60","60.0","54","26","7","65","23","1.28","9.72","3.46","3.81","560.0","18655"
"Lance McCullers Jr.","Astros","11","8","0","3.71","28","28","160.0","142","66","17","168","62","1.28","9.44","3.48","3.82","121.3","14120"
"Noah Syndergaard","Mets","6","5","0","4.10","16","16","96.0","92","44","12","92","28","1.25","8.64","2.62","3.82","306.6","11762"
"Jordan Hicks","Cardinals","3","2","0","3.23","0","50","50.0","41","18","3","46","24","1.31","8.36","4.39","3.83","251.6","19618"
"Freddy Peralta","Brewers","4","4","0","3.74","5","58","81.0","64","34","10","103","36","1.24","11.39","4.00","3.83","358.8","18679"
"Mark Melancon","Padres","3","2","0","3.80","0","57","57.0","57","24","5","44","16","1.28","6.99","2.49","3.83","305.9","4264"
"Will Smith","Braves","3","2","0","3.80","0","62","62.0","54","26","9","73","20","1.21","10.64","2.97","3.84","243.8","8048"
"Lou Trivino","Athletics","3","2","0","3.69","0","60","60.0","53","25","6","60","23","1.26","8.96","3.38","3.84","562.7","15043"
"Aaron Nola","Phillies","13","9","0","3.74","31","31","188.0","163","78","24","208","69","1.23","9.95","3.29","3.85","22.8","16149"
"Craig Kimbrel","Cubs","3","3","0","3.73","0","63","63.0","48","26","9","84","27","1.19","11.99","3.82","3.85","177.3","6655"
"Brad Wieck","Cubs","1","1","0","3.90","0","32","32.0","26","14","4","43","17","1.33","12.14","4.65","3.85","999.0","16390"
"Adam Kolarek","Athletics","2","2","0","3.52","0","50","50.0","48","20","4","37","16","1.28","6.67","2.90","3.85","999.0","10843"
"Josh James","Astros","1","1","0","3.75","0","24","24.0","19","10","3","31","13","1.32","11.55","4.74","3.85","599.4","16794"
"Joakim Soria","Diamondbacks","3","2","0","4.01","0","61","61.0","58","27","8","63","19","1.25","9.27","2.75","3.86","408.3","6941"
"Zack Britton","Yankees","3","2","0","3.18","0","63","63.0","55","22","4","52","29","1.34","7.39","4.18","3.86","376.4","3240"
"Dillon Maples","Cubs","1","1","0","3.55","0","15","15.0","11","6","1","21","11","1.46","12.47","6.56","3.86","999.0","14672"
"Pierce Johnson","Padres","3","2","0","3.84","0","58","58.0","48","25","7","73","26","1.27","11.31","4.02","3.86","594.5","13435"
"Jesus Luzardo","Athletics","10","9","0","3.72","26","26","151.0","135","62","18","149","48","1.22","8.90","2.88","3.86","105.6","19959"
"Chris Martin","Braves","3","2","0","4.07","0","62","62.0","62","28","9","62","13","1.21","8.97","1.85","3.87","347.9","11847"
"Brad Hand","Nationals","3","2","0","3.95","0","65","65.0","59","29","10","77","20","1.22","10.59","2.78","3.87","118.9","9111"
"Jack Flaherty","Cardinals","12","9","0","3.61","31","31","176.0","148","71","24","192","57","1.16","9.83","2.93","3.88","30.3","17479"
"Blake Treinen","Dodgers","4","2","0","3.88","0","65","65.0","63","28","7","60","23","1.31","8.27","3.13","3.89","443.9","12572"
"Peter Fairbanks","Rays","3","2","0","3.71","0","60","60.0","51","25","8","71","24","1.25","10.64","3.67","3.89","460.6","17998"
"Zack Littell","","0","0","0","4.14","0","3","3.0","3","1","0","3","1","1.35","8.53","3.50","3.90","999.0","15823"
"Tim Hill","Padres","2","2","0","3.80","0","44","44.0","42","19","5","41","15","1.29","8.44","3.07","3.91","999.0","16814"
"Raisel Iglesias","Angels","3","2","0","3.71","0","63","63.0","53","26","10","74","20","1.15","10.50","2.80","3.92","90.9","17130"
"Jace Fry","White Sox","3","2","0","3.69","0","50","50.0","43","20","5","55","25","1.37","9.91","4.55","3.92","999.0","16159"
"Conner Menez","Giants","0","0","0","4.00","0","10","10.0","9","4","1","11","5","1.39","10.33","4.78","3.92","999.0","19199"
"Clayton Kershaw","Dodgers","14","7","0","3.70","29","29","174.0","155","72","25","178","47","1.17","9.22","2.46","3.93","34.2","2036"
"Giovanny Gallegos","Cardinals","3","3","0","3.85","0","63","63.0","55","27","10","73","18","1.16","10.44","2.51","3.93","275.5","14986"
"Corey Knebel","Dodgers","3","2","0","3.87","0","54","54.0","45","23","7","64","22","1.24","10.72","3.62","3.93","555.5","15010"
"Gabe Speier","Royals","0","0","0","3.94","0","5","5.0","5","2","0","5","2","1.34","8.40","3.62","3.94","999.0","17170"
"Tanner Scott","Orioles","3","3","0","3.73","0","63","63.0","53","26","6","71","36","1.42","10.19","5.14","3.94","580.6","17586"
"Lucas Giolito","White Sox","12","9","0","3.76","29","29","174.0","144","73","26","206","62","1.18","10.68","3.20","3.94","18.1","15474"
"Matt Barnes","Red Sox","3","3","0","4.07","0","65","65.0","57","29","8","83","32","1.36","11.50","4.37","3.94","226.4","12863"
"Rowan Wick","Cubs","3","3","0","3.79","0","63","63.0","53","27","6","65","29","1.31","9.30","4.18","3.94","535.5","14646"
"Stefan Crichton","Diamondbacks","3","3","0","4.25","0","63","63.0","63","30","7","58","21","1.35","8.26","3.06","3.95","279.5","16058"
"Evan Marshall","White Sox","3","2","0","3.98","0","60","60.0","57","27","7","60","21","1.31","8.99","3.21","3.95","600.6","12297"
"John Brebbia","Giants","1","1","0","4.19","0","15","15.0","14","7","2","17","5","1.24","10.30","2.91","3.95","999.0","12777"
"Stephen Strasburg","Nationals","11","9","0","3.96","28","28","164.0","149","72","24","183","53","1.23","10.04","2.90","3.95","71.8","10131"
"Kenta Maeda","Twins","11","9","0","3.91","29","29","170.0","148","74","24","189","57","1.21","9.99","3.02","3.96","48.0","18498"
"Luis Castillo","Reds","12","10","0","3.83","31","31","182.0","157","77","23","208","76","1.28","10.27","3.75","3.97","27.4","15689"
"Archie Bradley","Phillies","3","3","0","3.99","0","67","67.0","63","30","8","67","22","1.27","9.03","2.96","3.97","280.9","12918"
"Dylan Floro","Marlins","2","3","0","4.39","0","60","60.0","66","29","7","49","17","1.38","7.28","2.56","3.98","600.1","13394"
"Silvino Bracho","Giants","0","0","0","3.98","0","4","4.0","3","2","1","5","1","1.21","10.49","3.01","3.98","999.0","15051"
"Sixto Sanchez","Marlins","8","9","0","4.08","24","24","139.0","139","63","16","119","40","1.28","7.69","2.59","3.99","136.7","19680"
"Joe Musgrove","Padres","11","9","0","4.01","29","29","169.0","159","75","23","166","46","1.21","8.86","2.46","3.99","126.8","12970"
"Tommy Kahnle","Dodgers","0","0","0","3.96","0","8","8.0","7","4","1","10","3","1.29","10.85","3.72","3.99","999.0","11384"
"Brett Martin","Rangers","2","3","0","4.21","0","55","55.0","56","26","6","49","21","1.40","8.08","3.40","4.00","999.0","17369"
"Framber Valdez","Astros","10","8","0","3.91","26","26","151.0","141","66","16","151","62","1.34","9.02","3.70","4.00","102.0","17295"
"Dennis Santana","Dodgers","2","1","0","3.97","0","38","38.0","34","17","4","41","17","1.34","9.60","4.07","4.01","599.9","17878"
"Brent Honeywell","Rays","4","3","0","3.84","8","18","57.0","51","24","9","61","15","1.16","9.67","2.34","4.01","999.0","sa828706"
"Seth Lugo","Mets","3","2","0","4.10","2","45","52.0","50","24","8","57","14","1.23","9.90","2.38","4.02","439.7","12447"
"Matt Wisler","Giants","3","3","0","4.29","0","62","62.0","60","30","9","66","19","1.27","9.59","2.80","4.02","569.9","12804"
"Dustin May","Dodgers","7","5","0","3.97","13","34","96.0","94","42","11","80","27","1.26","7.48","2.53","4.03","185.1","19716"
"Paul Fry","Orioles","2","3","0","3.90","0","56","56.0","51","24","5","58","27","1.40","9.25","4.37","4.03","999.0","15832"
"Sam Selman","Giants","2","2","0","3.84","0","50","50.0","39","21","4","62","32","1.43","11.17","5.84","4.03","999.0","13397"
"Wander Suero","Nationals","3","2","0","4.24","0","54","54.0","52","25","7","56","18","1.30","9.35","3.06","4.04","999.0","15855"
"Jose Berrios","Twins","12","9","0","3.94","29","29","174.0","159","76","23","169","52","1.21","8.77","2.71","4.05","85.5","14168"
"Kent Emanuel","Astros","1","0","0","4.07","0","10","10.0","10","5","1","9","3","1.33","8.29","3.12","4.05","999.0","sa549399"
"Trevor Bauer","Dodgers","14","8","0","3.99","31","31","191.0","165","85","28","217","70","1.23","10.21","3.31","4.06","15.5","12703"
"Mike Soroka","Braves","10","7","0","4.01","24","24","139.0","140","62","15","107","39","1.29","6.92","2.50","4.06","177.8","18383"
"Anthony Misiewicz","Mariners","2","2","0","3.92","0","60","60.0","55","26","8","60","21","1.26","8.97","3.11","4.06","999.0","18152"
"Zac Gallen","Diamondbacks","10","9","0","4.12","28","28","160.0","146","73","22","168","57","1.26","9.48","3.19","4.07","39.6","19291"
"Ryan Borucki","Blue Jays","3","2","0","3.93","0","55","55.0","51","24","6","53","21","1.31","8.69","3.48","4.08","598.6","16350"
"Drew Pomeranz","Padres","3","2","0","3.85","0","62","62.0","52","27","8","74","30","1.31","10.75","4.30","4.08","214.3","11426"
"Trevor May","Mets","3","3","0","4.19","0","64","64.0","56","30","10","82","27","1.30","11.49","3.80","4.08","512.9","6398"
"Lance Lynn","White Sox","13","10","0","4.01","31","31","185.0","167","82","28","201","60","1.23","9.79","2.92","4.08","51.1","2520"
"Reyes Moronta","Giants","3","2","0","3.96","0","57","57.0","47","25","7","66","28","1.32","10.39","4.47","4.09","419.5","14966"
"Hyun-Jin Ryu","Blue Jays","12","9","0","4.07","29","29","174.0","172","79","26","162","44","1.24","8.37","2.30","4.10","71.9","14444"
"Frankie Montas","Athletics","8","8","0","4.08","24","24","138.0","129","63","19","138","46","1.27","9.00","3.02","4.10","157.5","14309"
"Emilio Pagan","Padres","3","2","0","3.89","0","61","61.0","52","26","10","67","16","1.12","9.91","2.40","4.11","460.1","14771"
"JoJo Romero","Phillies","2","1","0","3.89","0","34","34.0","32","15","4","30","14","1.36","8.07","3.70","4.11","999.0","19574"
"Sam Howard","Pirates","1","1","0","3.99","0","27","27.0","24","12","3","28","12","1.34","9.46","4.01","4.12","999.0","16265"
"Andrew Kittredge","","1","1","0","4.13","0","18","18.0","18","8","3","18","5","1.29","8.83","2.74","4.12","999.0","12828"
"Zack Wheeler","Phillies","12","9","0","4.07","29","29","180.0","179","81","23","156","51","1.28","7.81","2.57","4.12","93.7","10310"
"Ranger Suarez","Phillies","2","2","0","3.90","0","42","42.0","41","18","5","35","15","1.32","7.41","3.15","4.12","999.0","17277"
"Genesis Cabrera","Cardinals","2","1","0","3.74","0","38","38.0","31","16","4","41","18","1.30","9.59","4.28","4.12","592.2","17490"
"Trevor Rosenthal","","4","4","0","3.87","0","63","63.0","48","27","7","85","42","1.43","12.12","5.98","4.13","183.4","10745"
"Patrick Sandoval","Angels","2","2","0","4.04","3","25","41.0","39","18","5","40","16","1.34","8.75","3.56","4.13","568.5","19447"
"Pablo Lopez","Marlins","9","11","0","4.12","28","28","160.0","155","73","20","143","50","1.28","8.04","2.81","4.13","131.1","17085"
"Brandon Waddell","Twins","0","0","0","3.99","0","3","3.0","3","1","0","3","2","1.41","8.63","4.52","4.13","999.0","18347"
"Jordan Romano","Blue Jays","3","2","0","4.02","0","62","62.0","52","28","8","74","29","1.30","10.68","4.18","4.13","392.4","16122"
"Josh Sborz","Rangers","2","2","0","4.12","0","48","48.0","42","22","6","53","22","1.34","9.90","4.10","4.14","999.0","18323"
"Carl Edwards Jr.","","0","0","0","3.80","0","5","5.0","4","2","1","6","3","1.32","9.92","4.75","4.14","999.0","13607"
"Chris Paddack","Padres","8","6","0","4.07","19","19","113.0","107","51","18","111","28","1.20","8.84","2.26","4.14","112.2","20099"
"Trevor Gott","Giants","2","2","0","4.30","0","42","42.0","41","20","5","39","17","1.37","8.31","3.57","4.14","999.0","15046"
"Mike Mayers","Angels","3","3","0","4.38","0","63","63.0","60","31","10","73","22","1.30","10.39","3.15","4.14","511.9","15451"
"Tony Gonsolin","Dodgers","6","4","0","4.09","10","45","91.0","82","41","13","94","32","1.25","9.26","3.17","4.15","226.3","19388"
"Shane McClanahan","Rays","4","3","0","3.99","6","34","66.0","59","29","9","73","26","1.29","9.92","3.61","4.16","578.1","sa3008547"
"Michael Feliz","Pirates","2","3","0","4.21","0","60","60.0","54","28","8","69","26","1.34","10.40","3.88","4.16","999.0","11903"
"Bobby Wahl","Brewers","1","1","0","4.05","0","12","12.0","10","5","2","16","6","1.29","12.05","4.39","4.16","999.0","14832"
"Jacob Barnes","Mets","2","1","0","4.20","0","35","35.0","33","16","4","36","15","1.37","9.38","3.84","4.16","999.0","12323"
"Eric Yardley","Brewers","3","2","0","4.02","0","56","56.0","56","25","6","43","18","1.33","6.90","2.94","4.16","999.0","15538"
"Stephen Tarpley","Mets","0","0","0","3.96","0","6","6.0","5","3","1","6","3","1.40","9.07","4.46","4.17","999.0","15859"
"Richard Rodriguez","Pirates","3","3","0","3.94","0","63","63.0","56","28","10","68","19","1.20","9.72","2.77","4.17","215.7","13549"
"Will Harris","Nationals","3","2","0","4.16","0","58","58.0","58","27","8","53","16","1.28","8.28","2.52","4.17","600.3","3192"
"Mychal Givens","Rockies","3","3","0","4.57","0","65","65.0","63","33","9","70","25","1.34","9.72","3.40","4.18","573.6","10430"
"Richard Bleier","Marlins","2","2","0","4.24","0","56","56.0","63","26","6","35","12","1.33","5.59","1.93","4.18","999.0","7803"
"Joe Smith","Astros","3","2","0","3.90","0","53","53.0","49","23","8","50","14","1.20","8.44","2.45","4.18","999.0","3281"
"Austin Davis","Pirates","0","0","0","4.11","0","8","8.0","7","4","1","8","3","1.35","8.95","3.72","4.18","999.0","17117"
"Kyle Hendricks","Cubs","11","10","0","4.07","29","29","178.0","176","80","24","140","39","1.21","7.06","1.95","4.18","84.3","12049"
"Michael King","Yankees","2","1","0","4.04","2","20","27.0","26","12","4","25","8","1.24","8.21","2.56","4.18","999.0","19853"
"Alex Wood","Giants","7","9","0","4.33","21","31","132.0","135","63","17","115","41","1.33","7.81","2.78","4.18","501.4","13781"
"Joe Jimenez","Tigers","2","2","0","4.13","0","55","55.0","49","25","8","57","18","1.23","9.35","2.97","4.18","580.3","15761"
"Tejay Antone","Reds","6","7","0","4.28","15","39","109.0","107","52","14","110","43","1.37","9.05","3.52","4.18","999.0","16233"
"Brendan McCurry","","0","0","0","4.04","0","6","6.0","5","3","1","7","2","1.23","9.91","3.08","4.19","999.0","sa829486"
"Carlos Carrasco","Mets","11","9","0","4.23","29","29","172.0","161","81","27","191","59","1.28","10.01","3.10","4.19","65.4","6632"
"J.B. Wendelken","Athletics","3","3","0","4.07","0","58","58.0","50","26","8","66","25","1.30","10.17","3.85","4.19","471.5","14506"
"Scott Barlow","Royals","3","3","0","4.28","0","63","63.0","57","30","9","73","29","1.37","10.48","4.20","4.19","550.6","14993"
"Jonathan Holder","Cubs","1","1","0","4.25","0","28","28.0","28","13","4","23","8","1.28","7.53","2.61","4.19","999.0","16588"
"Darren O'Day","Yankees","3","2","0","3.92","0","55","55.0","45","24","9","66","19","1.18","10.84","3.19","4.19","600.3","3321"
"Sonny Gray","Reds","11","10","0","4.12","29","29","168.0","153","77","22","176","71","1.34","9.45","3.82","4.20","66.0","12768"
"Derek Law","Twins","1","1","0","4.40","0","16","16.0","16","8","2","15","6","1.37","8.65","3.46","4.20","999.0","13133"
"Justin Wilson","","3","2","0","4.03","0","58","58.0","50","26","7","65","29","1.37","10.16","4.51","4.21","601.0","4301"
"Taylor Hearn","Rangers","2","2","0","3.99","0","53","53.0","44","24","7","63","26","1.33","10.67","4.42","4.21","999.0","18325"
"J.P. Feyereisen","Brewers","2","2","0","3.82","0","35","35.0","27","15","5","40","17","1.26","10.29","4.27","4.22","999.0","16610"
"Max Fried","Braves","11","9","0","4.34","29","29","170.0","172","82","23","157","56","1.34","8.30","2.96","4.22","67.1","13743"
"Eduardo Rodriguez","Red Sox","9","9","0","4.18","26","26","151.0","142","70","21","153","57","1.32","9.12","3.40","4.22","224.5","13164"
"Logan Webb","Giants","7","8","0","4.37","19","24","118.0","120","57","13","99","43","1.38","7.56","3.30","4.22","570.9","17995"
"Josh Taylor","Red Sox","2","2","0","4.54","0","35","35.0","35","18","4","37","16","1.48","9.52","4.21","4.22","999.0","17359"
"Adam Ottavino","Red Sox","3","3","0","4.18","0","64","64.0","53","30","8","78","34","1.35","10.95","4.73","4.22","432.9","1247"
"Julio Urias","Dodgers","10","7","0","4.22","23","31","140.0","132","66","18","131","51","1.31","8.42","3.28","4.22","116.2","14765"
"Shohei Ohtani","Angels","6","5","0","4.01","16","16","94.0","79","42","13","110","45","1.32","10.51","4.33","4.23","226.2","19755"
"Dominic Leone","Giants","0","0","0","4.47","0","8","8.0","8","4","1","9","3","1.35","9.66","3.51","4.24","999.0","13763"
"Chaz Roe","","2","2","0","4.24","0","28","28.0","25","13","3","31","13","1.36","9.93","4.26","4.24","999.0","9866"
"Duane Underwood Jr.","Cubs","3","2","0","4.27","0","55","55.0","51","26","7","58","23","1.34","9.44","3.70","4.25","999.0","14677"
"Greg Holland","Royals","3","2","0","4.05","0","58","58.0","51","26","7","60","28","1.35","9.25","4.29","4.25","267.5","7196"
"Ty Buttrey","Angels","3","2","0","4.32","0","56","56.0","54","27","7","54","21","1.34","8.65","3.33","4.25","599.2","14719"
"Joe Kelly","Dodgers","3","2","0","4.16","0","52","52.0","49","24","6","50","22","1.38","8.68","3.86","4.26","599.5","9761"
"Pedro Strop","","2","2","0","3.67","0","35","35.0","29","14","4","35","15","1.25","8.98","3.85","4.26","999.0","4070"
"Seranthony Dominguez","Phillies","0","0","0","3.88","0","8","8.0","7","3","1","9","4","1.31","9.67","4.11","4.26","999.0","19249"
"Jesse Hahn","Royals","3","2","0","4.20","0","56","56.0","53","26","6","52","26","1.41","8.33","4.25","4.26","595.8","13287"
"Marcus Stroman","Mets","11","9","0","4.13","29","29","170.0","169","78","19","138","63","1.37","7.30","3.34","4.27","203.9","13431"
"Alex Colome","Twins","3","3","0","4.33","0","65","65.0","66","31","8","52","21","1.34","7.25","2.85","4.27","187.0","6661"
"Daniel Norris","Tigers","3","4","0","4.41","3","56","72.0","71","35","10","67","26","1.35","8.44","3.25","4.27","592.0","13475"
"Randy Dobnak","Twins","7","7","0","4.17","15","41","111.0","114","51","12","75","32","1.32","6.08","2.57","4.27","492.0","23798"
"Aaron Loup","Mets","2","2","0","4.37","0","48","48.0","48","23","6","47","19","1.39","8.72","3.53","4.27","999.0","10343"
"Caleb Thielbar","Twins","3","2","0","4.26","0","55","55.0","51","26","8","55","20","1.30","9.01","3.27","4.27","999.0","10078"
"Jake Odorizzi","","10","9","0","4.00","28","28","156.0","132","69","24","172","61","1.24","9.93","3.54","4.27","299.8","6397"
"Taylor Williams","Padres","1","1","0","4.29","0","16","16.0","15","8","2","16","7","1.36","9.25","3.78","4.27","999.0","14899"
"Sean Hjelle","Giants","2","2","0","4.50","5","5","28.0","31","14","3","20","8","1.40","6.45","2.72","4.27","999.0","sa3007989"
"Beau Burrows","Tigers","1","1","0","4.19","0","29","29.0","26","14","3","28","12","1.33","8.56","3.83","4.27","999.0","18873"
"Samuel McWilliams","Mets","0","0","0","4.27","0","5","5.0","5","2","1","4","2","1.36","7.97","3.44","4.28","999.0","sa829124"
"Craig Stammen","Padres","1","1","0","4.48","0","18","18.0","19","9","3","15","5","1.33","7.43","2.35","4.28","600.3","7274"
"Charlie Morton","Braves","11","9","0","4.24","29","29","169.0","158","80","24","172","60","1.29","9.15","3.18","4.28","124.2","4676"
"Jeurys Familia","Mets","3","2","0","4.12","0","54","54.0","50","25","5","51","27","1.43","8.45","4.54","4.28","600.9","5114"
"Adrian Morejon","Padres","4","4","0","4.31","10","14","60.0","57","29","9","60","22","1.32","8.95","3.26","4.28","546.2","20039"
"Brandon Brennan","Mariners","2","2","0","4.15","0","48","48.0","45","22","6","48","21","1.37","9.06","3.98","4.29","999.0","13527"
"Jameson Taillon","Yankees","9","7","0","4.33","23","23","134.0","134","64","20","119","35","1.26","7.97","2.36","4.29","206.6","11674"
"Andrew Miller","Cardinals","3","3","0","3.88","0","63","63.0","55","27","8","63","24","1.27","8.93","3.47","4.29","573.8","6785"
"MacKenzie Gore","Padres","5","5","0","4.22","15","15","84.0","78","39","13","83","28","1.26","8.91","3.00","4.29","999.0","sa3005068"
"German Marquez","Rockies","10","12","0","4.90","31","31","186.0","208","101","28","171","52","1.40","8.25","2.50","4.30","166.4","15038"
"James Paxton","Mariners","8","9","0","4.14","24","24","141.0","128","65","23","151","49","1.26","9.63","3.13","4.30","259.2","11828"
"Tommy Hunter","","1","1","0","4.30","0","21","21.0","21","10","3","18","5","1.26","7.83","2.33","4.30","999.0","1157"
"Ryan Thompson","Rays","3","2","0","4.10","0","56","56.0","55","26","8","48","17","1.29","7.72","2.75","4.30","999.0","16647"
"Dan Altavilla","Padres","1","1","0","4.25","0","24","24.0","21","11","3","27","12","1.37","10.09","4.49","4.30","999.0","16507"
"Trevor Rogers","Marlins","5","7","0","4.58","18","18","103.0","103","52","15","104","36","1.36","9.08","3.19","4.30","999.0","22286"
"Sean Manaea","Athletics","10","10","0","4.05","28","28","161.0","152","72","23","140","47","1.24","7.81","2.64","4.31","243.2","15873"
"Tim Mayza","Blue Jays","0","0","0","4.44","0","3","3.0","3","1","0","3","1","1.42","9.32","4.06","4.31","999.0","15042"
"Lewis Thorpe","Twins","2","2","0","4.42","2","34","41.0","40","20","6","40","15","1.34","8.76","3.27","4.31","999.0","15906"
"Miguel Yajure","Pirates","3","4","0","4.22","8","11","50.0","50","23","6","41","16","1.31","7.34","2.90","4.31","999.0","21111"
"Jorge Alcala","Twins","2","2","0","4.19","0","42","42.0","37","20","5","45","20","1.35","9.61","4.24","4.31","600.2","19459"
"Jordan Montgomery","Yankees","9","7","0","4.20","23","23","132.0","126","62","20","130","44","1.29","8.84","3.02","4.32","242.0","16511"
"Wandy Peralta","Giants","1","1","0","4.34","0","33","33.0","33","16","4","27","14","1.43","7.39","3.75","4.32","999.0","14295"
"Scott Alexander","Dodgers","2","1","0","4.06","0","28","28.0","28","13","3","21","12","1.44","6.73","3.81","4.33","999.0","10591"
"Amir Garrett","Reds","3","2","0","4.16","0","63","63.0","55","29","9","73","29","1.35","10.43","4.21","4.33","294.4","14375"
"Scott Oberg","Rockies","1","1","0","4.55","0","22","22.0","23","11","3","20","8","1.40","8.17","3.22","4.34","565.3","13911"
"James Norwood","Cubs","0","0","0","4.46","0","10","10.0","9","5","1","11","5","1.41","10.07","4.47","4.34","999.0","16440"
"Blake Parker","","3","2","0","4.23","0","55","55.0","50","26","10","60","17","1.23","9.88","2.81","4.35","999.0","5224"
"Collin McHugh","","4","3","0","4.27","3","56","72.0","68","34","11","74","25","1.29","9.28","3.15","4.35","599.2","7531"
"Arodys Vizcaino","","0","0","0","4.30","0","8","8.0","7","4","1","8","3","1.35","9.23","3.81","4.35","999.0","5498"
"Jake Newberry","Royals","2","1","0","4.29","0","33","33.0","31","16","4","31","14","1.34","8.59","3.70","4.36","999.0","15136"
"Bryse Wilson","Braves","3","3","0","4.34","6","18","50.0","50","24","7","44","16","1.31","7.86","2.87","4.36","584.0","19990"
"Sergio Romo","Athletics","3","3","0","4.07","0","63","63.0","56","28","10","64","20","1.20","9.11","2.85","4.36","584.1","9817"
"Ian Anderson","Braves","9","7","0","4.19","23","23","130.0","118","61","18","132","55","1.33","9.11","3.82","4.37","102.2","19951"
"Oliver Drake","Rays","1","1","0","4.26","0","22","22.0","20","10","3","23","9","1.33","9.30","3.64","4.37","999.0","8823"
"Miguel Castro","Mets","3","2","0","3.97","0","60","60.0","50","26","8","63","29","1.32","9.42","4.29","4.37","999.0","15684"
"Luis Avilan","","1","1","0","4.48","0","18","18.0","18","9","2","18","8","1.42","9.12","3.90","4.37","999.0","2882"
"Steve Cishek","","2","2","0","3.96","0","41","41.0","36","18","5","40","16","1.27","8.69","3.50","4.37","999.0","6483"
"Kyle Crick","Pirates","2","3","0","4.07","0","56","56.0","48","25","6","61","32","1.41","9.88","5.08","4.38","594.1","13182"
"David Robertson","","3","3","0","4.14","0","48","48.0","41","22","7","54","22","1.31","10.06","4.04","4.38","599.6","8241"
"Jason Adam","Cubs","3","3","0","4.50","0","56","56.0","51","28","9","64","25","1.35","10.34","3.94","4.39","600.5","11861"
"Tyler Alexander","Tigers","2","3","0","4.55","2","44","51.0","54","26","8","43","12","1.29","7.56","2.08","4.39","999.0","17735"
"Triston McKenzie","Indians","9","8","0","4.10","24","24","138.0","122","63","24","146","45","1.21","9.52","2.93","4.39","192.6","18000"
"Jeremy Jeffress","","4","4","0","4.19","0","64","64.0","62","30","7","56","27","1.38","7.88","3.77","4.39","540.8","9490"
"Tony Watson","","3","3","0","4.01","0","56","56.0","53","25","8","45","14","1.21","7.30","2.29","4.40","599.9","3132"
"Kyle Zimmer","Royals","2","3","0","4.41","0","55","55.0","52","27","7","57","26","1.41","9.29","4.23","4.40","600.8","14169"
"Ian Gibaut","Twins","1","1","0","4.26","0","20","20.0","18","9","3","21","10","1.37","9.64","4.38","4.40","999.0","17871"
"Jacob Waguespack","Blue Jays","0","0","0","4.52","0","4","4.0","4","2","0","4","2","1.43","8.27","3.90","4.40","999.0","18318"
"Nick Wittgren","Indians","3","3","0","4.43","0","63","63.0","62","31","11","64","19","1.28","9.14","2.68","4.40","542.5","15594"
"Austin Brice","Red Sox","3","2","0","4.43","0","55","55.0","53","27","9","57","19","1.31","9.30","3.11","4.40","999.0","17237"
"Erik Swanson","Mariners","2","2","0","4.13","0","39","39.0","36","18","7","39","12","1.22","9.00","2.66","4.41","999.0","16587"
"David Phelps","Blue Jays","3","2","0","4.43","0","57","57.0","53","28","9","66","23","1.35","10.41","3.70","4.41","999.0","6316"
"Michael Pineda","Twins","10","10","0","4.58","28","28","160.0","163","81","26","148","44","1.30","8.33","2.48","4.42","233.3","5372"
"Zack Greinke","Astros","12","10","0","4.15","31","31","186.0","180","86","32","163","41","1.19","7.90","1.98","4.42","108.7","1943"
"Geoff Hartlieb","Pirates","1","1","0","4.29","0","16","16.0","16","8","2","14","7","1.43","7.63","3.92","4.42","999.0","19558"
"Cam Bedrosian","","2","2","0","4.57","0","48","48.0","49","24","7","44","17","1.38","8.22","3.26","4.43","999.0","13360"
"Chris Devenski","Diamondbacks","2","2","0","4.71","0","42","42.0","42","22","7","41","12","1.30","8.77","2.66","4.43","599.7","12763"
"Jimmy Nelson","","0","0","0","4.59","0","3","3.0","3","2","0","3","1","1.40","8.95","3.79","4.43","999.0","10547"
"Hector Neris","Phillies","3","3","0","4.30","0","63","63.0","58","30","11","72","23","1.27","10.23","3.25","4.43","301.0","11804"
"Luke Weaver","Diamondbacks","8","9","0","4.74","24","24","141.0","146","74","22","134","45","1.36","8.54","2.89","4.43","426.4","16918"
"Luis Patino","Rays","4","4","0","4.08","10","22","68.0","60","31","10","67","26","1.27","8.89","3.44","4.43","999.0","22815"
"Spencer Turnbull","Tigers","8","11","0","4.58","28","28","158.0","156","80","19","139","65","1.40","7.91","3.68","4.44","363.1","16207"
"Wade Davis","Royals","2","2","0","4.49","0","53","53.0","51","26","7","49","22","1.38","8.27","3.74","4.44","999.0","7441"
"Sean Doolittle","Reds","3","2","0","4.20","0","51","51.0","47","24","10","52","12","1.16","9.24","2.15","4.45","535.8","1581"
"Matt Strahm","Padres","3","2","0","4.26","0","53","53.0","50","25","9","52","16","1.24","8.80","2.75","4.45","599.9","13799"
"Ryan Helsley","Cardinals","3","2","0","4.03","0","52","52.0","45","23","6","50","25","1.34","8.65","4.35","4.45","598.6","18138"
"Oliver Perez","","2","3","0","4.35","0","42","42.0","40","20","6","40","15","1.30","8.61","3.15","4.46","999.0","1514"
"Ian Krol","Tigers","1","1","0","4.58","0","15","15.0","15","8","2","14","6","1.41","8.65","3.75","4.47","999.0","10066"
"Adam Morgan","Cubs","0","0","0","4.48","0","5","5.0","5","2","1","5","2","1.35","8.98","3.31","4.47","999.0","12580"
"Brady Singer","Royals","8","9","0","4.55","24","24","139.0","144","70","19","113","46","1.37","7.28","2.99","4.47","253.9","25377"
"Brad Keller","Royals","9","10","0","4.36","28","28","162.0","167","78","17","111","62","1.41","6.15","3.46","4.47","337.5","15734"
"Zach Plesac","Indians","9","9","0","4.23","26","26","150.0","140","70","25","138","44","1.23","8.27","2.63","4.47","70.8","19979"
"Riley Smith","Diamondbacks","2","2","0","4.60","2","24","31.0","32","16","4","26","11","1.37","7.51","3.11","4.47","999.0","19826"
"Evan Kruczynski","Cardinals","0","0","0","4.30","0","4","4.0","4","2","1","4","2","1.37","7.95","3.66","4.48","999.0","sa3004341"
"Taylor Widener","Diamondbacks","2","2","0","4.45","0","50","50.0","44","25","7","55","24","1.36","9.97","4.32","4.48","600.4","19266"
"Anthony Kay","Blue Jays","1","1","0","4.40","0","28","28.0","26","14","4","28","14","1.43","9.07","4.50","4.48","600.2","20387"
"James Hoyt","Marlins","2","3","0","4.71","0","55","55.0","53","29","9","63","25","1.43","10.34","4.16","4.48","600.8","14605"
"Matt Andriese","Red Sox","3","3","0","4.68","0","60","60.0","61","31","10","60","20","1.35","9.05","2.99","4.48","600.4","12022"
"Nick Margevicius","Mariners","1","2","0","4.33","3","13","29.0","29","14","5","25","9","1.28","7.81","2.67","4.48","596.9","20395"
"Ryan Yarbrough","Rays","10","9","0","4.32","28","28","161.0","162","77","26","133","37","1.24","7.41","2.08","4.48","252.4","16502"
"Cal Quantrill","Indians","6","8","0","4.56","18","28","113.0","114","57","17","101","36","1.33","8.04","2.84","4.49","427.5","19312"
"Yimi Garcia","Marlins","3","3","0","4.27","0","63","63.0","59","30","12","64","16","1.19","9.21","2.28","4.49","372.8","12095"
"Marco Gonzales","Mariners","10","11","0","4.34","29","29","175.0","177","84","27","140","46","1.28","7.20","2.37","4.49","170.9","15467"
"Miles Mikolas","Cardinals","8","8","0","4.32","23","23","131.0","135","63","20","96","29","1.25","6.59","1.97","4.49","408.1","9803"
"Juan Minaya","Twins","0","0","0","4.79","0","6","6.0","6","3","1","6","3","1.42","9.19","4.05","4.50","999.0","10341"
"Sal Romano","Reds","2","2","0","4.86","0","42","42.0","45","23","6","37","15","1.45","7.91","3.28","4.50","999.0","13690"
"John Gant","Cardinals","3","3","0","4.33","2","44","51.0","48","25","6","46","23","1.40","8.20","4.07","4.50","600.5","13684"
"Sean Newcomb","Braves","2","1","0","4.24","0","40","40.0","36","19","4","38","22","1.45","8.64","4.88","4.50","999.0","16943"
"Edward Cabrera","Marlins","2","3","0","4.65","5","19","42.0","41","22","6","41","18","1.42","8.82","3.90","4.50","999.0","sa920423"
"Shaun Anderson","Twins","1","1","0","4.59","2","16","23.0","23","12","3","19","8","1.38","7.61","3.20","4.50","999.0","19453"
"Nathan Eovaldi","Red Sox","9","9","0","4.60","26","26","150.0","150","77","24","150","56","1.38","9.03","3.39","4.51","241.1","9132"
"Andrew Triggs","","1","1","0","4.34","0","15","15.0","14","7","2","14","6","1.32","8.25","3.34","4.51","999.0","13533"
"Paul Blackburn","Athletics","1","2","0","4.29","3","11","27.0","27","13","3","18","9","1.33","6.10","2.88","4.51","999.0","14739"
"Jose Alvarez","","2","2","0","4.54","0","30","30.0","31","15","4","26","10","1.36","7.82","2.95","4.51","999.0","5358"
"David Price","Dodgers","9","7","0","4.55","23","23","129.0","127","65","21","127","44","1.33","8.89","3.09","4.51","186.5","3184"
"Matthew Manning","Tigers","3","4","0","4.56","11","11","65.0","64","33","9","58","25","1.36","8.03","3.41","4.51","999.0","sa917924"
"Kelvin Herrera","","1","1","0","4.38","0","24","24.0","23","12","4","22","7","1.27","8.35","2.76","4.51","999.0","6033"
"Daulton Jefferies","Athletics","3","4","0","4.30","10","10","55.0","53","26","9","47","15","1.25","7.63","2.53","4.52","585.5","19345"
"Luke Jackson","Braves","2","1","0","4.67","0","36","36.0","37","19","5","33","15","1.44","8.35","3.70","4.52","600.3","11752"
"Dane Dunning","Rangers","7","9","0","4.42","23","23","129.0","125","63","19","119","48","1.34","8.33","3.34","4.52","291.9","19409"
"Chris Bassitt","Athletics","10","10","0","4.25","28","28","163.0","153","77","23","144","57","1.29","7.95","3.14","4.52","185.0","12304"
"Chris Archer","Rays","9","8","0","4.42","24","24","140.0","130","69","25","158","56","1.33","10.15","3.58","4.53","470.1","6345"
"Pedro Baez","Astros","3","3","0","4.04","0","64","64.0","54","29","10","62","24","1.22","8.76","3.32","4.53","590.0","5420"
"Chris Flexen","Mariners","6","7","0","4.45","18","18","102.0","99","50","17","98","35","1.31","8.62","3.06","4.53","558.8","13896"
"Andrew Heaney","Angels","10","10","0","4.52","29","29","168.0","162","84","30","174","54","1.29","9.32","2.89","4.53","211.9","15423"
"Phillips Valdez","Red Sox","1","1","0","4.60","0","28","28.0","28","14","3","25","13","1.45","7.88","4.03","4.53","999.0","15605"
"Devin Smeltzer","Twins","2","3","0","4.67","6","16","48.0","50","25","8","40","13","1.32","7.49","2.47","4.54","600.8","19487"
"Kendall Graveman","Mariners","3","3","0","4.26","0","63","63.0","63","30","9","49","19","1.31","6.99","2.74","4.54","594.9","15514"
"Edgar Santana","Pirates","1","2","0","4.51","0","37","37.0","39","19","6","30","11","1.34","7.33","2.64","4.54","999.0","17355"
"Jhoan Duran","Twins","2","2","0","4.50","5","5","28.0","28","14","4","25","11","1.37","8.12","3.48","4.54","999.0","sa873347"
"Caleb Baragar","Giants","1","1","0","4.42","0","20","20.0","18","10","3","20","9","1.34","8.94","3.85","4.54","999.0","19231"
"Corey Kluber","Yankees","10","8","0","4.36","26","26","155.0","148","75","28","155","45","1.24","9.00","2.61","4.54","195.0","2429"
"Ryan Weathers","Padres","2","2","0","4.71","5","8","31.0","33","16","5","26","9","1.35","7.41","2.60","4.54","999.0","sa3008436"
"Adam Cimber","Marlins","2","2","0","4.51","0","50","50.0","54","25","7","34","13","1.34","6.17","2.37","4.55","999.0","15288"
"Kris Bubic","Royals","7","9","0","4.55","23","23","129.0","129","65","18","114","50","1.39","7.94","3.51","4.55","999.0","21455"
"Tarik Skubal","Tigers","6","8","0","4.56","21","21","122.0","113","62","21","129","47","1.32","9.48","3.50","4.55","999.0","22267"
"Michael Lorenzen","Reds","7","8","0","4.58","18","39","124.0","124","63","18","112","49","1.39","8.15","3.53","4.56","396.0","14843"
"Joe Gatto","Rangers","0","0","0","4.75","0","5","5.0","5","3","1","5","3","1.56","8.19","5.04","4.56","999.0","sa828693"
"Carlos Martinez","Cardinals","9","8","0","4.19","24","24","138.0","131","64","18","113","53","1.34","7.40","3.46","4.56","438.8","11682"
"Ryan Tepera","","2","2","0","4.24","0","34","34.0","29","16","5","37","15","1.30","9.70","3.98","4.56","600.9","10291"
"Jonathan Hernandez","Rangers","3","3","0","4.39","0","63","63.0","58","31","9","66","31","1.40","9.45","4.39","4.56","473.0","17464"
"Patrick Corbin","Nationals","11","11","0","4.72","31","31","184.0","191","96","30","175","66","1.40","8.54","3.25","4.56","138.1","9323"
"Luis Garcia","Yankees","1","0","0","4.56","0","10","10.0","10","5","1","9","4","1.41","8.37","3.71","4.57","999.0","6984"
"Kyle Ryan","Cubs","2","2","0","4.36","0","53","53.0","52","26","6","43","24","1.44","7.33","4.05","4.57","999.0","11753"
"Yusmeiro Petit","","3","3","0","4.13","0","65","65.0","62","30","12","54","12","1.14","7.47","1.71","4.57","593.1","4020"
"Matthew Boyd","Tigers","9","11","0","4.46","29","29","171.0","160","85","30","174","56","1.26","9.14","2.94","4.58","307.9","15440"
"Trevor Richards","Rays","1","1","0","4.36","0","22","22.0","21","11","3","21","8","1.32","8.50","3.24","4.58","600.2","19309"
"Cody Reed","Rays","2","1","0","4.38","0","34","34.0","32","17","4","34","18","1.48","9.07","4.74","4.58","999.0","15232"
"Chris Stratton","Pirates","2","3","0","4.81","0","63","63.0","66","34","9","59","26","1.46","8.44","3.68","4.58","598.8","13761"
"Franklyn Kilome","Mets","0","0","0","4.50","0","6","6.0","6","3","1","6","3","1.47","9.38","5.02","4.59","999.0","17861"
"T.J. McFarland","","0","0","0","4.78","0","10","10.0","12","5","1","6","3","1.49","5.05","2.69","4.60","999.0","3237"
"Ryan Sherriff","Rays","2","2","0","4.25","0","42","42.0","42","20","6","32","15","1.35","6.87","3.20","4.60","999.0","12249"
"Sean Reid-Foley","Mets","0","0","0","4.38","0","3","3.0","3","1","0","3","2","1.44","10.15","5.12","4.60","999.0","17034"
"Dan Otero","","1","1","0","4.53","0","15","15.0","17","8","2","9","3","1.30","5.42","1.58","4.60","999.0","7385"
"Mitch Keller","Pirates","7","9","0","4.59","23","23","132.0","131","67","19","120","54","1.40","8.16","3.70","4.60","302.3","17594"
"Chasen Shreve","","2","2","0","4.33","0","52","52.0","46","25","8","57","25","1.37","9.82","4.30","4.60","999.0","10855"
"Taijuan Walker","","10","10","0","4.34","28","28","161.0","151","78","25","149","58","1.30","8.35","3.24","4.60","304.1","11836"
"Zach Eflin","Phillies","11","10","0","4.47","29","29","169.0","168","84","28","151","49","1.29","8.05","2.63","4.61","210.0","13774"
"Harrison Holmes","Athletics","3","3","0","4.33","6","20","52.0","48","25","7","49","22","1.36","8.40","3.89","4.61","999.0","sa828669"
"Jonathan Brubaker","Pirates","6","10","0","4.59","21","26","127.0","129","65","18","110","48","1.39","7.80","3.41","4.61","500.0","17578"
"Carlos Rodon","White Sox","6","6","0","4.57","13","33","95.0","89","48","14","96","42","1.38","9.06","3.96","4.61","572.9","16137"
"Kyle Barraclough","Yankees","0","0","0","4.41","0","4","4.0","4","2","1","4","2","1.41","9.92","4.72","4.61","999.0","13713"
"Brandon Kintzler","","3","2","0","4.50","0","56","56.0","60","28","8","40","16","1.35","6.47","2.50","4.61","431.6","9939"
"Mike Montgomery","","2","2","0","4.45","2","30","37.0","38","18","5","30","14","1.41","7.28","3.49","4.61","999.0","4869"
"Jarlin Garcia","Giants","2","2","0","4.52","0","55","55.0","54","28","8","46","20","1.36","7.60","3.32","4.61","600.5","18282"
"Adrian Houser","Brewers","8","8","0","4.60","23","23","132.0","135","67","19","108","46","1.38","7.34","3.14","4.62","478.3","12718"
"Tanner Rainey","Nationals","3","3","0","4.37","0","63","63.0","51","31","9","86","42","1.48","12.21","6.07","4.62","446.4","17610"
"John Curtiss","Marlins","3","2","0","4.31","0","55","55.0","49","26","9","59","25","1.34","9.69","4.15","4.62","600.4","16128"
"Robert Stock","Cubs","1","1","0","4.71","0","14","14.0","14","7","2","13","7","1.49","8.60","4.46","4.62","999.0","6576"
"Josh Fleming","Rays","5","5","0","4.40","13","20","82.0","85","40","13","61","22","1.31","6.68","2.47","4.62","999.0","20418"
"Robert Gsellman","Mets","2","2","0","4.76","3","17","33.0","35","17","4","25","11","1.42","6.84","3.12","4.62","999.0","13696"
"Tyler Webb","Cardinals","3","2","0","4.33","0","56","56.0","54","27","9","50","20","1.32","8.08","3.25","4.62","999.0","14974"
"Sandy Alcantara","Marlins","9","12","0","4.57","29","29","174.0","173","88","23","143","69","1.39","7.42","3.59","4.62","144.0","18684"
"Carlos Estevez","Rockies","2","3","0","5.13","0","50","50.0","54","28","8","50","19","1.46","8.95","3.46","4.63","999.0","14542"
"Rafael Montero","Mariners","2","3","0","4.58","0","63","63.0","58","32","9","69","33","1.45","9.87","4.72","4.63","188.9","12760"
"Shane Greene","","3","4","0","4.46","0","60","60.0","58","30","9","57","22","1.34","8.49","3.35","4.63","592.3","10756"
"Yusei Kikuchi","Mariners","9","11","0","4.40","28","28","159.0","154","78","24","141","60","1.34","7.97","3.38","4.64","333.9","20633"
"Tyler Matzek","Braves","3","2","0","4.52","0","56","56.0","50","28","6","62","37","1.55","9.91","5.91","4.64","589.7","10058"
"Wes Benjamin","Rangers","1","1","0","4.66","0","24","24.0","24","12","4","22","9","1.40","8.26","3.49","4.64","999.0","19243"
"Jose Quintana","Angels","9","10","0","4.66","28","28","158.0","160","82","25","140","56","1.37","8.00","3.19","4.64","470.1","11423"
"Anthony Bass","Marlins","3","3","0","4.62","0","63","63.0","65","32","9","53","24","1.41","7.60","3.42","4.64","361.1","7982"
"Mike Minor","Royals","10","11","0","4.45","29","29","173.0","163","86","28","157","62","1.30","8.17","3.20","4.65","300.5","10021"
"Dillon Tate","Orioles","2","3","0","4.41","0","60","60.0","58","29","9","54","22","1.34","8.13","3.37","4.65","593.1","17796"
"Colten Brewer","Red Sox","1","1","0","4.86","0","24","24.0","25","13","3","23","11","1.50","8.48","4.13","4.65","999.0","12997"
"Drew Smyly","Braves","9","8","0","4.63","24","24","138.0","126","71","25","157","60","1.35","10.25","3.91","4.66","226.7","11760"
"Michael Kopech","White Sox","6","6","0","4.59","18","18","102.0","94","52","16","111","45","1.37","9.75","4.00","4.66","286.4","17282"
"Lucas Sims","Reds","3","3","0","4.52","0","63","63.0","55","32","11","77","30","1.35","11.06","4.32","4.66","369.3","13470"
"Matt Shoemaker","Twins","7","7","0","4.67","19","19","110.0","110","57","18","100","38","1.35","8.16","3.14","4.66","543.0","4776"
"Josh Staumont","Royals","3","3","0","4.41","0","63","63.0","51","31","7","76","46","1.54","10.91","6.55","4.66","472.8","18335"
"Elieser Hernandez","Marlins","8","10","0","4.56","26","26","147.0","140","74","27","149","47","1.27","9.14","2.88","4.66","240.5","16933"
"Bernardo Flores Jr.","White Sox","1","1","0","4.60","2","8","15.0","16","8","2","12","4","1.33","6.95","2.47","4.66","999.0","19561"
"Anthony DeSclafani","Giants","9","11","0","4.83","28","28","157.0","163","84","24","134","56","1.39","7.71","3.19","4.66","454.6","13050"
"Jaime Barria","Angels","2","2","0","4.44","3","29","45.0","43","22","8","41","14","1.26","8.10","2.75","4.66","581.9","18356"
"Kevin McCarthy","Red Sox","0","0","0","4.71","0","10","10.0","11","5","1","6","3","1.43","5.66","2.83","4.67","999.0","15240"
"Joe Biagini","Cubs","0","0","0","5.09","0","4","4.0","4","2","1","3","1","1.49","6.86","3.31","4.67","999.0","13194"
"Aaron Civale","Indians","8","9","0","4.60","24","24","140.0","143","72","23","116","40","1.31","7.44","2.57","4.68","190.0","19479"
"Rick Porcello","","9","10","0","4.47","28","28","158.0","157","78","27","131","42","1.26","7.47","2.41","4.68","573.7","2717"
"Kyle Finnegan","Nationals","2","2","0","4.63","0","38","38.0","37","20","6","40","17","1.42","9.44","4.02","4.68","999.0","15009"
"Jose Urquidy","Astros","9","9","0","4.54","26","26","149.0","149","75","26","127","40","1.27","7.70","2.45","4.68","216.9","18413"
"Aaron Sanchez","","6","8","0","4.70","18","30","115.0","114","60","13","92","56","1.48","7.22","4.39","4.69","597.9","11490"
"Nick Vincent","Rangers","0","1","0","4.78","0","12","12.0","13","6","2","10","3","1.30","7.83","2.07","4.69","999.0","7555"
"Clarke Schmidt","Yankees","2","2","0","4.67","5","8","31.0","31","16","5","28","12","1.38","8.26","3.47","4.69","999.0","19899"
"Charles Whitley","Astros","4","4","0","4.58","11","11","65.0","60","33","10","69","31","1.40","9.60","4.29","4.70","999.0","sa917930"
"Clay Holmes","","0","0","0","4.29","0","8","8.0","7","4","1","7","5","1.57","8.38","5.84","4.70","999.0","13649"
"Garrett Richards","Red Sox","8","8","0","4.70","23","23","132.0","131","69","20","127","59","1.44","8.68","4.02","4.70","420.4","9784"
"Griffin Canning","Angels","8","8","0","4.53","24","24","138.0","129","69","24","135","50","1.30","8.83","3.25","4.70","304.8","19867"
"Felix Pena","Angels","3","3","0","4.59","0","60","60.0","57","31","11","62","22","1.33","9.34","3.35","4.70","600.8","13403"
"Tyler Mahle","Reds","9","9","0","4.66","26","26","147.0","146","76","27","148","47","1.31","9.08","2.87","4.70","182.0","16358"
"Bryan Shaw","","1","1","0","4.55","0","16","16.0","16","8","2","13","6","1.37","7.56","3.29","4.71","999.0","8110"
"Brooks Raley","Astros","2","2","0","4.61","0","48","48.0","46","25","8","48","21","1.39","9.09","3.88","4.71","999.0","10061"
"Zach Davies","Cubs","9","10","0","4.78","28","28","160.0","168","85","22","120","57","1.41","6.75","3.21","4.71","251.2","13183"
"Adbert Alzolay","Cubs","6","7","0","4.57","16","26","104.0","96","53","17","104","45","1.36","8.98","3.87","4.71","365.0","17859"
"Julian Merryweather","Blue Jays","3","3","0","4.91","2","50","57.0","59","31","10","57","19","1.38","8.92","3.05","4.71","600.7","16703"
"Tyler Clippard","","3","3","0","4.23","0","52","52.0","43","24","9","55","20","1.21","9.54","3.42","4.72","999.0","5640"
"Eric Lauer","Brewers","5","7","0","4.77","15","25","95.0","97","50","15","85","35","1.39","8.04","3.33","4.72","594.5","19316"
"Burch Smith","Athletics","1","1","0","4.52","0","22","22.0","20","11","3","24","11","1.40","9.73","4.58","4.72","999.0","12784"
"Joseph Palumbo","Rangers","2","2","0","4.70","6","6","37.0","36","19","6","38","16","1.39","9.21","3.86","4.72","999.0","17035"
"Logan Allen","Indians","6","8","0","4.83","19","22","116.0","120","62","17","98","47","1.44","7.59","3.65","4.72","591.7","18555"
"Jose Cisnero","Tigers","2","3","0","5.01","0","56","56.0","55","31","9","59","27","1.46","9.44","4.30","4.72","598.2","6399"
"David Peterson","Mets","8","8","0","4.68","23","23","129.0","132","67","18","108","53","1.44","7.55","3.70","4.72","999.0","20302"
"Dylan Bundy","Angels","10","10","0","4.57","29","29","171.0","162","87","31","170","58","1.29","8.97","3.05","4.72","114.1","12917"
"Shawn Armstrong","Orioles","2","3","0","4.74","0","53","53.0","51","28","9","55","23","1.39","9.39","3.93","4.72","999.0","12857"
"Ross Stripling","Blue Jays","7","7","0","4.74","15","45","115.0","121","61","20","99","33","1.34","7.78","2.59","4.73","487.4","13273"
"Daniel Ponce de Leon","Cardinals","6","7","0","4.30","15","40","110.0","93","53","16","112","56","1.36","9.18","4.59","4.74","501.3","16110"
"Hansel Robles","Twins","2","2","0","4.82","0","53","53.0","52","28","9","53","22","1.39","9.03","3.71","4.74","596.5","11801"
"Taylor Clarke","Diamondbacks","2","2","0","4.55","0","35","35.0","33","18","5","32","14","1.35","8.24","3.69","4.74","599.8","17611"
"Noe Ramirez","Reds","3","3","0","4.78","0","60","60.0","60","32","10","59","22","1.36","8.78","3.27","4.75","599.1","12800"
"Hector Rondon","","1","1","0","4.70","0","14","14.0","14","7","2","13","5","1.36","8.04","3.17","4.75","999.0","2391"
"Sam Coonrod","Phillies","1","1","0","4.59","0","28","28.0","26","14","4","28","15","1.44","8.95","4.69","4.75","999.0","17264"
"James Pazos","Dodgers","0","0","0","4.77","0","3","3.0","3","2","0","2","1","1.47","7.06","3.93","4.75","999.0","13323"
"Mitchell White","Dodgers","1","1","0","4.71","2","7","14.0","14","7","2","12","5","1.37","7.95","3.36","4.76","999.0","19225"
"Domingo German","Yankees","6","6","0","4.60","16","21","99.0","94","51","19","103","33","1.29","9.41","3.03","4.76","316.3","17149"
"Danny Duffy","Royals","9","11","0","4.69","28","28","158.0","156","82","25","140","59","1.36","7.97","3.37","4.76","510.3","3542"
"Glenn Sparkman","Twins","0","0","0","4.93","0","5","5.0","6","3","1","3","1","1.39","6.24","2.58","4.76","999.0","15200"
"Chad Sobotka","Braves","0","0","0","4.72","0","10","10.0","9","5","2","11","6","1.47","10.35","5.06","4.76","999.0","17470"
"Daniel Hudson","Nationals","3","3","0","4.75","0","60","60.0","57","32","10","64","27","1.40","9.67","4.08","4.77","517.9","7146"
"Spencer Howard","Phillies","4","5","0","4.79","13","13","75.0","77","40","13","69","25","1.36","8.30","3.05","4.78","999.0","23252"
"Scott Blewett","Royals","0","0","0","4.95","0","10","10.0","10","6","1","8","4","1.47","7.54","3.90","4.78","999.0","16427"
"Keury Mella","Diamondbacks","2","3","0","5.06","0","54","54.0","57","30","7","47","24","1.49","7.78","4.01","4.78","999.0","15964"
"Jimmy Herget","Rangers","0","0","0","4.59","0","3","3.0","3","2","0","3","1","1.38","8.95","4.12","4.78","999.0","17556"
"Joey Lucchesi","Pirates","5","5","0","4.61","15","15","85.0","83","44","15","78","31","1.35","8.30","3.29","4.78","561.5","19320"
"Travis Lakins","Orioles","2","2","0","4.75","0","42","42.0","41","22","6","39","20","1.45","8.43","4.25","4.78","999.0","18600"
"Dallas Keuchel","White Sox","11","10","0","4.47","31","31","183.0","190","91","25","126","69","1.41","6.21","3.40","4.79","197.3","9434"
"Tony Cingrani","","1","1","0","4.29","0","15","15.0","12","7","2","17","8","1.37","10.29","4.88","4.79","999.0","12555"
"Connor Seabold","Red Sox","2","2","0","4.79","6","6","37.0","38","20","6","32","12","1.35","7.81","2.86","4.79","999.0","sa829464"
"Jake Faria","","0","0","0","4.59","0","4","4.0","4","2","1","4","2","1.40","9.43","4.44","4.80","999.0","13699"
"Kyle Cody","Rangers","3","4","0","4.76","10","10","56.0","56","30","8","49","23","1.42","7.88","3.77","4.80","999.0","19686"
"Sean Poppen","Pirates","1","1","0","4.71","3","3","19.0","19","10","3","16","8","1.44","7.44","3.78","4.80","999.0","19583"
"Hunter Wood","","1","2","0","4.58","0","30","30.0","28","15","5","29","12","1.35","8.57","3.69","4.81","999.0","15091"
"Casey Mize","Tigers","6","8","0","4.87","19","19","113.0","116","61","18","93","39","1.37","7.37","3.10","4.81","414.2","20492"
"Justus Sheffield","Mariners","8","10","0","4.61","26","26","150.0","149","77","22","123","63","1.41","7.39","3.80","4.81","292.5","17285"
"Nate Jones","","0","0","0","4.78","0","8","8.0","8","4","1","8","3","1.40","8.53","3.52","4.81","999.0","4696"
"Aaron Slegers","Angels","1","1","0","4.70","0","30","30.0","31","16","5","24","9","1.33","7.23","2.61","4.81","999.0","15231"
"Ryne Harper","Nationals","1","1","0","5.22","0","22","22.0","25","13","4","20","7","1.44","8.32","2.87","4.81","999.0","12680"
"Carlos Hernandez","Royals","3","4","0","4.80","8","12","51.0","51","27","8","44","19","1.37","7.84","3.30","4.81","999.0","22713"
"Brandon Morrow","","1","0","0","4.78","0","10","10.0","10","5","2","9","4","1.38","8.18","3.15","4.81","999.0","9346"
"Luke Bard","Angels","1","1","0","4.81","0","17","17.0","17","9","3","17","7","1.38","8.96","3.59","4.81","999.0","14288"
"Casey Sadler","Mariners","2","3","0","4.54","0","56","56.0","55","28","10","51","19","1.33","8.13","3.12","4.82","999.0","11209"
"Cole Hamels","","7","7","0","4.55","21","21","117.0","109","59","19","117","50","1.36","8.98","3.86","4.82","582.1","4972"
"Ryne Stanek","Astros","2","2","0","4.59","0","42","42.0","39","21","8","45","18","1.35","9.57","3.88","4.83","599.7","15947"
"Grant Dayton","Braves","1","1","0","4.75","0","26","26.0","25","14","5","27","9","1.34","9.48","3.25","4.83","999.0","11203"
"Josh Lindblom","Brewers","10","11","0","4.83","29","29","168.0","168","90","32","158","52","1.31","8.48","2.80","4.84","337.8","7882"
"Merrill Kelly","Diamondbacks","8","11","0","5.09","24","32","151.0","162","85","25","127","52","1.42","7.57","3.13","4.84","488.0","11156"
"Matt Bush","","1","1","0","4.83","0","20","20.0","20","11","3","19","8","1.41","8.37","3.68","4.85","999.0","1246"
"Ryan Buchter","Diamondbacks","1","1","0","4.79","0","30","30.0","28","16","5","31","14","1.40","9.37","4.27","4.85","999.0","9456"
"Trent Thornton","Blue Jays","4","4","0","5.11","10","18","64.0","68","36","11","58","23","1.43","8.17","3.20","4.85","999.0","17948"
"Cole Sulser","Orioles","1","2","0","4.95","0","30","30.0","30","16","5","31","14","1.46","9.44","4.30","4.86","599.5","15256"
"Nick Tropeano","Giants","2","2","0","5.14","3","27","43.0","44","25","7","41","18","1.46","8.54","3.85","4.86","999.0","12385"
"Steven Matz","Blue Jays","8","8","0","4.88","23","23","132.0","134","72","24","127","48","1.38","8.69","3.27","4.86","535.3","13361"
"Heath Hembree","","1","1","0","4.87","0","30","30.0","30","16","6","31","11","1.35","9.31","3.25","4.86","999.0","11632"
"Patrick Weigel","Braves","1","1","0","4.45","0","18","18.0","16","9","3","18","9","1.40","8.99","4.74","4.86","999.0","17792"
"Alex Young","Diamondbacks","3","3","0","5.00","6","22","54.0","56","30","9","46","21","1.43","7.60","3.42","4.86","600.8","18333"
"Luis Garcia","Astros","3","3","0","4.52","8","8","47.0","42","24","8","50","21","1.35","9.56","4.10","4.86","999.0","23735"
"Jeff Brigham","Marlins","1","1","0","4.97","0","26","26.0","25","14","4","27","14","1.50","9.20","4.81","4.86","999.0","16631"
"John Means","Orioles","8","11","0","4.69","28","28","160.0","160","83","30","142","48","1.30","7.99","2.70","4.86","211.2","16269"
"Trevor Cahill","","3","4","0","4.75","6","26","58.0","54","31","9","57","26","1.39","8.92","4.06","4.87","600.1","6249"
"Corbin Martin","Diamondbacks","5","6","0","4.85","15","15","83.0","83","45","13","70","33","1.40","7.61","3.53","4.87","574.7","19884"
"Rich Hill","Rays","7","6","0","4.43","19","19","113.0","105","56","19","103","41","1.30","8.20","3.28","4.87","445.8","4806"
"Trevor Williams","Cubs","7","8","0","4.83","21","21","117.0","121","63","19","90","39","1.37","6.90","2.97","4.87","579.0","16977"
"Kyle Gibson","Rangers","9","12","0","4.94","29","29","172.0","183","94","28","148","68","1.46","7.72","3.55","4.87","532.1","10123"
"Robbie Ray","Blue Jays","10","10","0","4.89","29","29","166.0","152","90","31","208","89","1.45","11.27","4.82","4.88","354.0","11486"
"Rex Brothers","","0","0","0","4.65","0","3","3.0","2","2","0","4","2","1.64","11.89","7.49","4.88","999.0","9794"
"Marcus Walden","Red Sox","1","1","0","5.29","0","16","16.0","18","9","2","13","7","1.57","7.47","4.21","4.88","999.0","8004"
"Kyle McGowin","Nationals","2","2","0","4.98","0","53","53.0","53","29","10","58","23","1.43","9.81","3.82","4.89","999.0","15071"
"Humberto Mejia","Diamondbacks","2","3","0","4.87","5","17","40.0","41","22","7","35","13","1.33","7.97","2.82","4.89","999.0","20739"
"Gio Gonzalez","","4","5","0","4.60","13","13","75.0","71","38","11","68","35","1.41","8.16","4.22","4.89","999.0","7448"
"Derek Holland","","1","2","0","4.74","0","37","37.0","36","19","6","36","18","1.43","8.77","4.26","4.89","999.0","4141"
"Dakota Bacus","Nationals","0","0","0","5.11","0","8","8.0","9","5","1","7","4","1.54","7.74","4.20","4.89","999.0","14545"
"Vince Velasquez","Phillies","8","9","0","4.79","23","28","137.0","133","73","26","144","56","1.38","9.45","3.67","4.90","535.4","11189"
"Kolby Allard","Rangers","3","4","0","4.98","11","11","66.0","69","37","11","54","26","1.44","7.42","3.53","4.90","598.1","18694"
"J.A. Happ","Twins","8","8","0","4.70","24","24","138.0","135","72","23","119","52","1.36","7.79","3.37","4.90","395.9","7410"
"Tyler Chatwood","Blue Jays","4","4","0","4.58","5","50","73.0","67","37","9","72","44","1.52","8.83","5.48","4.90","589.0","4338"
"T.J. Zeuch","Blue Jays","1","1","0","4.81","3","8","24.0","26","13","3","16","9","1.44","6.01","3.24","4.90","999.0","19269"
"Nate Pearson","Blue Jays","8","8","0","4.70","23","23","129.0","123","67","23","125","51","1.35","8.70","3.52","4.90","249.9","20160"
"Michael Fulmer","Tigers","7","10","0","4.71","24","24","141.0","144","74","22","103","49","1.37","6.57","3.11","4.91","573.7","13218"
"Jon Duplantier","Diamondbacks","0","1","0","5.17","2","2","9.0","9","5","1","8","4","1.52","7.78","4.28","4.91","999.0","19546"
"Nick Neidert","Marlins","3","5","0","4.93","11","19","74.0","79","41","13","58","23","1.38","7.11","2.83","4.91","999.0","18699"
"Touki Toussaint","Braves","1","1","0","4.67","0","20","20.0","18","10","3","22","11","1.46","9.83","5.08","4.92","999.0","16929"
"Parker Dunshee","Athletics","1","1","0","4.60","2","2","9.0","9","5","2","7","3","1.30","7.36","2.94","4.92","999.0","sa873274"
"Austin Pruitt","Astros","1","1","0","5.06","2","12","19.0","21","11","3","15","5","1.39","7.29","2.55","4.92","999.0","15290"
"Josh Osich","Reds","0","0","0","4.95","0","8","8.0","8","4","1","8","3","1.43","8.64","3.54","4.92","999.0","11528"
"Kyle Funkhouser","Tigers","1","1","0","5.02","0","22","22.0","22","12","3","20","12","1.56","8.00","5.06","4.93","999.0","19456"
"Zack Godley","","2","3","0","4.73","5","17","40.0","39","21","6","36","18","1.43","8.06","4.06","4.93","999.0","14862"
"Jimmy Cordero","White Sox","1","1","0","4.82","0","30","30.0","30","16","4","26","15","1.50","7.67","4.39","4.93","999.0","15690"
"Thomas Hatch","Blue Jays","1","1","0","4.91","0","24","24.0","23","13","4","24","12","1.46","8.81","4.39","4.93","999.0","19264"
"Luis Cessa","Yankees","2","2","0","4.89","0","42","42.0","44","23","7","36","16","1.41","7.75","3.37","4.93","999.0","13345"
"Anthony Banda","Giants","0","1","0","5.21","2","2","9.0","10","5","1","7","4","1.48","7.14","3.66","4.94","999.0","14706"
"Brett Anderson","Brewers","7","9","0","5.07","23","23","132.0","151","74","19","79","41","1.46","5.40","2.78","4.94","596.1","8223"
"Hyun-jong Yang","Rangers","2","3","0","5.06","8","8","47.0","50","26","8","38","17","1.44","7.31","3.34","4.95","999.0","sa3012054"
"Michael Wacha","Rays","7","8","0","4.85","21","21","122.0","125","66","21","109","48","1.42","8.02","3.52","4.95","516.9","14078"
"Kwang-hyun Kim","Cardinals","9","10","0","4.88","28","28","162.0","175","88","27","117","52","1.40","6.49","2.90","4.95","270.7","27458"
"Elijah Morgan","Indians","2","2","0","4.85","5","9","32.0","32","17","6","29","10","1.32","8.25","2.83","4.97","999.0","sa915827"
"Adam Warren","Yankees","1","1","0","4.76","0","14","14.0","14","7","2","12","5","1.36","7.80","3.20","4.97","999.0","9029"
"Johnny Cueto","Giants","9","11","0","5.10","29","29","169.0","178","96","26","136","68","1.46","7.25","3.63","4.98","525.0","6893"
"Steven Brault","Pirates","8","12","0","4.83","28","28","159.0","161","85","22","131","75","1.48","7.41","4.26","4.98","500.8","15291"
"Reynaldo Lopez","White Sox","3","3","0","4.71","6","28","60.0","58","31","11","53","23","1.34","7.96","3.38","4.99","591.8","16400"
"Jakob Junis","Royals","5","7","0","5.03","13","34","96.0","102","54","17","81","30","1.38","7.59","2.81","5.00","599.1","13619"
"Mike Leake","","8","9","0","4.77","24","24","143.0","157","76","25","90","30","1.31","5.68","1.91","5.00","999.0","10130"
"Spencer Patton","","1","1","0","5.13","0","15","15.0","15","9","3","17","8","1.49","10.39","4.65","5.00","999.0","12361"
"Hector Perez","Reds","0","0","0","4.86","0","3","3.0","3","2","0","3","2","1.61","9.91","6.48","5.01","999.0","18592"
"Jose Suarez","Angels","1","1","0","5.03","2","2","9.0","9","5","2","8","4","1.43","8.13","3.60","5.01","999.0","19911"
"Dan Winkler","Cubs","2","2","0","4.87","0","42","42.0","40","23","7","42","20","1.42","9.01","4.34","5.02","999.0","12237"
"Brandon Workman","Cubs","3","4","0","4.91","0","54","54.0","50","29","10","62","28","1.45","10.30","4.70","5.02","559.9","11428"
"Eric Skoglund","Royals","0","0","0","5.13","0","3","3.0","3","2","0","2","1","1.46","6.06","3.21","5.03","999.0","16155"
"Jose Mujica","Rockies","0","0","0","5.26","0","5","5.0","6","3","1","4","1","1.42","6.49","2.58","5.03","999.0","17821"
"Buck Farmer","Tigers","2","3","0","5.23","0","60","60.0","65","35","10","51","24","1.47","7.64","3.53","5.03","599.1","14814"
"Deivi Garcia","Yankees","6","6","0","4.93","18","18","102.0","101","56","20","101","39","1.37","8.87","3.44","5.04","339.6","20276"
"Jharel Cotton","","0","0","0","4.72","0","5","5.0","5","3","1","5","2","1.33","8.90","3.44","5.04","999.0","13654"
"Kyle Wright","Braves","7","8","0","5.07","19","27","121.0","126","68","19","99","51","1.46","7.39","3.78","5.04","530.0","19665"
"Kohl Stewart","Cubs","1","1","0","5.30","3","3","19.0","22","11","3","12","8","1.54","5.71","3.66","5.04","999.0","15502"
"Bud Norris","","1","1","0","5.12","0","20","20.0","20","11","4","21","9","1.46","9.60","4.22","5.05","999.0","9492"
"Dylan Cease","White Sox","8","9","0","4.91","24","24","141.0","139","77","23","127","67","1.46","8.13","4.26","5.05","417.5","18525"
"Cody Ponce","Pirates","3","6","0","5.01","11","19","74.0","78","41","12","59","28","1.44","7.17","3.41","5.06","999.0","17920"
"Jeff Hoffman","Reds","3","3","0","5.17","2","58","65.0","66","37","11","65","30","1.47","8.93","4.10","5.06","600.3","17432"
"Mike Foltynewicz","Rangers","7","10","0","4.95","21","28","129.0","130","71","23","114","49","1.39","7.92","3.45","5.06","562.6","10811"
"Cristian Javier","Astros","8","8","0","4.49","23","23","129.0","109","64","24","133","60","1.31","9.26","4.17","5.06","221.9","17606"
"Tyler Kinley","Rockies","2","3","0","5.33","0","53","53.0","54","31","8","53","31","1.59","9.06","5.18","5.07","999.0","18297"
"Martin Perez","Red Sox","8","11","0","5.19","28","28","160.0","176","92","25","121","67","1.52","6.79","3.76","5.07","574.1","6902"
"Jake Arrieta","Cubs","8","9","0","5.03","24","24","138.0","146","77","21","100","56","1.47","6.52","3.63","5.07","586.0","4153"
"Jairo Diaz","Rockies","1","2","0","5.93","0","40","40.0","47","26","6","35","20","1.69","7.98","4.58","5.07","999.0","12774"
"Tyler Beede","Giants","2","3","0","5.34","8","8","46.0","48","27","7","41","23","1.53","8.10","4.41","5.07","599.1","16981"
"Caleb Smith","Diamondbacks","8","9","0","4.99","24","24","141.0","133","78","28","146","60","1.37","9.32","3.85","5.09","347.6","14875"
"Nick Pivetta","Red Sox","5","7","0","5.19","15","21","91.0","96","52","17","84","35","1.45","8.35","3.50","5.09","526.0","15454"
"Alex Cobb","Angels","9","10","0","4.96","28","28","156.0","168","86","27","114","50","1.40","6.59","2.90","5.10","539.0","6562"
"Adam Wainwright","Cardinals","8","10","0","5.08","26","26","151.0","162","85","25","116","57","1.45","6.91","3.40","5.10","440.4","2233"
"Zacary Lowther","Orioles","1","2","0","4.97","5","5","28.0","28","15","5","25","12","1.43","8.10","3.87","5.10","999.0","sa915645"
"Jon Gray","Rockies","7","12","0","5.74","28","28","158.0","185","101","27","125","61","1.55","7.14","3.47","5.10","503.7","14916"
"Domingo Tapia","Mariners","0","0","0","4.97","0","4","4.0","4","2","1","3","2","1.57","7.12","5.01","5.11","999.0","12178"
"Tucker Davidson","Braves","2","2","0","5.07","5","5","28.0","29","16","4","23","14","1.55","7.31","4.46","5.11","999.0","19871"
"Kyle Freeland","Rockies","8","12","0","5.51","29","29","169.0","197","103","26","117","66","1.56","6.24","3.49","5.12","558.3","16256"
"Joe Ross","Nationals","7","8","0","5.34","21","21","120.0","133","71","20","92","47","1.50","6.90","3.50","5.13","583.2","12972"
"Cody Allen","","1","2","0","4.96","0","24","24.0","22","13","5","26","11","1.40","9.59","4.28","5.13","999.0","12183"
"Brandon Bielak","Astros","2","2","0","4.93","5","5","28.0","28","15","5","24","12","1.42","7.61","3.76","5.13","999.0","19866"
"Jose De Leon","Reds","3","3","0","5.11","5","35","58.0","56","33","11","64","29","1.46","9.99","4.47","5.13","597.6","15463"
"Brad Peacock","","1","1","0","5.00","0","20","20.0","19","11","4","22","10","1.43","10.06","4.46","5.13","999.0","5401"
"Wade Miley","Reds","8","10","0","5.27","26","26","150.0","166","88","24","115","62","1.52","6.91","3.71","5.13","589.5","8779"
"Yoan Lopez","Diamondbacks","2","2","0","4.94","0","48","48.0","48","26","8","40","19","1.40","7.50","3.63","5.13","600.9","17181"
"Robert Dugger","Mariners","0","0","0","4.82","0","5","5.0","5","3","1","4","2","1.38","7.76","3.43","5.13","999.0","19191"
"Jesse Biddle","Reds","0","0","0","5.22","0","3","3.0","3","2","0","3","2","1.59","8.15","4.98","5.14","999.0","11437"
"Homer Bailey","","5","6","0","5.07","16","16","92.0","97","52","17","75","31","1.40","7.34","3.05","5.14","598.6","8362"
"Yency Almonte","Rockies","2","3","0","5.40","0","56","56.0","60","34","9","49","27","1.55","7.89","4.33","5.14","999.0","15068"
"Tanner Houck","Red Sox","6","7","0","5.23","19","19","112.0","117","65","18","97","53","1.52","7.77","4.27","5.14","999.0","19879"
"Jose Urena","Tigers","6","10","0","4.98","21","26","127.0","133","70","21","91","45","1.40","6.45","3.17","5.15","585.1","11589"
"Jake Woodford","Cardinals","2","2","0","4.84","3","15","31.0","31","17","5","24","14","1.44","7.03","4.05","5.15","999.0","18674"
"Alec Mills","Cubs","8","9","0","5.22","24","24","141.0","154","82","24","102","47","1.43","6.50","3.02","5.15","487.6","13834"
"Chad Kuhl","Pirates","6","10","0","5.13","24","24","139.0","144","79","24","120","62","1.48","7.79","3.98","5.16","566.8","14975"
"David Hale","Phillies","2","2","0","5.53","0","48","48.0","55","29","9","39","17","1.51","7.25","3.16","5.17","999.0","9756"
"Cesar Valdez","Orioles","2","3","0","5.51","0","55","55.0","63","34","11","50","20","1.50","8.11","3.19","5.17","593.7","9013"
"Austin Voth","Nationals","3","3","0","5.31","5","34","57.0","61","34","11","51","22","1.45","8.08","3.45","5.18","597.1","15047"
"Tyler Anderson","Pirates","7","11","0","5.08","26","26","149.0","156","84","26","115","59","1.44","6.96","3.55","5.18","598.5","12880"
"David Hess","","0","0","0","4.88","0","4","4.0","4","2","1","4","2","1.37","8.04","3.50","5.19","999.0","16130"
"Antonio Senzatela","Rockies","8","13","0","5.77","29","29","168.0","205","108","25","100","63","1.59","5.37","3.35","5.20","550.8","15488"
"Junior Guerra","","2","2","0","4.73","0","50","50.0","46","26","9","46","24","1.40","8.37","4.32","5.20","999.0","5702"
"Andrew Cashner","","4","5","0","4.93","5","43","66.0","67","36","10","50","30","1.46","6.84","4.06","5.21","999.0","8782"
"Rafael Dolis","Blue Jays","3","3","0","5.28","0","65","65.0","65","38","10","64","38","1.59","8.81","5.29","5.21","545.9","4185"
"Nik Turley","Athletics","2","2","0","4.94","0","34","34.0","31","19","5","36","21","1.53","9.61","5.67","5.21","999.0","5530"
"Tyson Ross","","4","4","0","4.98","11","11","65.0","67","36","11","51","28","1.46","7.09","3.90","5.21","999.0","7872"
"Brad Boxberger","","1","1","0","4.98","0","28","28.0","26","15","5","29","14","1.44","9.43","4.51","5.21","999.0","10133"
"Johan Oviedo","Cardinals","3","4","0","5.19","8","14","53.0","55","31","8","42","27","1.55","7.14","4.59","5.21","999.0","22487"
"Rogelio Armenteros","Nationals","2","2","0","5.29","5","5","28.0","30","16","5","24","11","1.46","7.87","3.54","5.22","999.0","17679"
"Ryan Brasier","Red Sox","3","3","0","5.34","0","56","56.0","59","33","12","58","21","1.43","9.36","3.39","5.23","600.8","5615"
"Michael Baumann","Orioles","3","5","0","5.08","11","11","65.0","66","37","12","55","28","1.45","7.60","3.92","5.24","999.0","sa829681"
"Jonathan Stiever","White Sox","3","3","0","4.98","8","12","51.0","52","28","11","44","16","1.33","7.82","2.74","5.26","999.0","24584"
"Steven Wright","","3","3","0","4.85","5","23","46.0","45","25","8","37","20","1.42","7.29","3.87","5.26","999.0","8185"
"Keegan Akin","Orioles","6","10","0","5.26","23","23","129.0","130","75","26","130","61","1.47","9.10","4.23","5.26","999.0","19362"
"Dean Kremer","Orioles","7","10","0","5.23","24","24","143.0","148","83","28","129","60","1.45","8.13","3.77","5.27","999.0","19350"
"Matt Magill","Mariners","0","0","0","5.07","0","3","3.0","3","2","1","3","1","1.43","8.81","3.95","5.28","999.0","3950"
"Chase Anderson","Phillies","4","5","0","4.98","10","30","76.0","75","42","15","69","29","1.36","8.20","3.40","5.28","595.9","6895"
"A.J. Cole","","1","1","0","5.41","0","14","14.0","15","8","3","14","6","1.49","9.06","4.03","5.28","999.0","11467"
"Anibal Sanchez","","8","10","0","5.07","26","26","147.0","149","83","29","121","51","1.35","7.38","3.09","5.28","596.2","3284"
"Jhoulys Chacin","Yankees","1","1","0","5.07","3","6","22.0","22","12","4","18","9","1.44","7.41","3.76","5.29","999.0","2608"
"Francisco Liriano","","0","0","0","5.10","0","8","8.0","8","5","1","7","5","1.57","8.37","5.08","5.29","999.0","3201"
"Austin Gomber","Rockies","6","10","0","5.87","23","23","128.0","148","83","23","108","58","1.60","7.58","4.07","5.30","550.6","16561"
"Madison Bumgarner","Diamondbacks","9","12","0","5.38","29","29","170.0","188","102","35","130","46","1.37","6.89","2.44","5.30","386.5","5524"
"Jordan Yamamoto","Mets","4","4","0","5.24","11","11","66.0","68","38","13","59","27","1.44","8.08","3.71","5.30","999.0","17585"
"Javy Guerra","","1","1","0","5.52","0","16","16.0","18","10","3","13","6","1.49","7.36","3.20","5.31","999.0","7407"
"Tommy Milone","","2","2","0","5.20","5","5","28.0","29","16","7","24","7","1.32","7.84","2.41","5.37","999.0","7608"
"Braxton Garrett","Marlins","3","5","0","5.36","11","11","65.0","70","39","12","55","29","1.53","7.61","4.05","5.37","999.0","21844"
"Ian Kennedy","","2","3","0","5.13","0","36","36.0","36","21","8","36","14","1.39","8.94","3.52","5.38","999.0","6986"
"Daniel Gossett","Red Sox","0","1","0","5.46","2","2","9.0","10","5","2","7","3","1.49","7.17","3.50","5.39","999.0","16164"
"Erick Fedde","Nationals","4","5","0","5.67","11","23","78.0","92","49","13","51","31","1.58","5.88","3.62","5.41","599.7","17425"
"Fernando Abad","Orioles","0","1","0","5.27","0","12","12.0","13","7","2","10","5","1.48","7.71","3.76","5.43","999.0","4994"
"Tyson Miller","Cubs","1","2","0","5.33","5","5","28.0","30","17","5","20","10","1.42","6.57","3.14","5.43","999.0","19976"
"Bruce Zimmermann","Orioles","4","8","0","5.57","16","20","98.0","108","61","19","80","42","1.53","7.39","3.81","5.46","999.0","20370"
"Tanner Roark","Blue Jays","8","9","0","5.38","24","24","138.0","147","82","27","111","53","1.45","7.27","3.44","5.47","591.0","8753"
"Josh Tomlin","Braves","2","2","0","5.32","0","48","48.0","56","28","12","36","8","1.32","6.70","1.41","5.49","600.3","9388"
"Sam Hentges","Indians","1","2","0","5.77","5","5","28.0","31","18","5","23","13","1.59","7.40","4.25","5.50","999.0","sa828881"
"Ashton Goudeau","Orioles","0","1","0","5.78","0","14","14.0","16","9","3","13","6","1.54","8.17","3.55","5.51","999.0","15139"
"Ben Braymer","Nationals","2","3","0","5.71","6","16","48.0","54","30","9","39","20","1.54","7.27","3.82","5.51","999.0","20175"
"Ross Detwiler","Marlins","2","3","0","5.77","2","44","51.0","59","33","9","36","23","1.62","6.39","4.12","5.52","999.0","2859"
"Antonio Santillan","Reds","2","3","0","5.45","8","8","47.0","51","28","9","36","18","1.47","6.90","3.40","5.52","999.0","sa874781"
"Adam Plutko","Indians","4","5","0","5.24","8","48","87.0","91","51","19","66","28","1.37","6.86","2.90","5.53","600.1","15846"
"Jon Lester","Nationals","7","10","0","5.73","24","24","138.0","160","88","28","104","50","1.52","6.80","3.27","5.53","536.6","4930"
"Roenis Elias","Mariners","0","1","0","5.44","0","10","10.0","10","6","2","9","5","1.55","7.79","4.67","5.54","999.0","12673"
"Carson Fulmer","Pirates","1","2","0","5.35","2","26","33.0","32","20","5","30","20","1.59","8.29","5.52","5.54","999.0","18311"
"Kyle Hart","","0","1","0","5.74","2","2","9.0","10","6","2","7","4","1.55","6.54","3.76","5.56","999.0","19646"
"Shelby Miller","Cubs","3","4","0","5.76","10","10","56.0","62","36","10","42","28","1.60","6.69","4.49","5.57","999.0","10197"
"Jordan Zimmermann","","3","4","0","5.76","10","10","56.0","65","36","12","41","16","1.45","6.60","2.56","5.57","999.0","4505"
"Chi Chi Gonzalez","Rockies","1","2","0","6.16","5","5","28.0","34","19","5","17","13","1.68","5.59","4.04","5.57","999.0","14663"
"Edinson Volquez","","1","1","0","5.52","0","14","14.0","15","9","2","11","7","1.57","7.22","4.63","5.57","999.0","3990"
"Robert Stephenson","Rockies","2","3","0","5.75","0","60","60.0","61","38","12","65","34","1.58","9.69","5.07","5.58","597.5","13594"
"Jordan Lyles","Rangers","7","11","0","5.52","26","26","149.0","162","91","30","115","58","1.48","6.96","3.53","5.58","586.4","7593"
"Matt Moore","Phillies","6","8","0","5.54","21","21","120.0","130","74","25","100","47","1.48","7.48","3.50","5.59","566.2","1890"
"Mike Fiers","Athletics","7","11","0","5.21","26","26","148.0","157","86","29","95","49","1.39","5.80","2.96","5.59","563.5","7754"
"Wil Crowe","Pirates","4","7","0","5.56","15","15","85.0","94","53","16","58","36","1.53","6.15","3.78","5.64","999.0","19800"
"Justin Dunn","Mariners","6","9","0","5.56","21","21","122.0","127","75","24","102","56","1.50","7.55","4.14","5.64","551.6","19268"
"Ivan Nova","Phillies","1","2","0","5.59","5","5","28.0","33","17","6","17","9","1.48","5.43","2.76","5.66","999.0","1994"
"Jorge Lopez","Orioles","3","6","0","5.72","10","18","64.0","73","41","13","48","24","1.52","6.82","3.35","5.68","999.0","14527"
"Julio Teheran","","6","8","0","5.26","21","21","122.0","118","71","24","98","56","1.43","7.26","4.15","5.69","597.1","6797"
"Kohei Arihara","Rangers","6","10","0","5.81","24","24","141.0","162","91","30","101","50","1.51","6.47","3.21","5.72","999.0","sa3014740"
"Daniel Bard","Rockies","2","3","0","5.98","0","61","61.0","67","41","11","49","33","1.64","7.30","4.85","5.73","309.8","7115"
"Jefry Rodriguez","","0","1","0","5.77","2","2","9.0","10","6","2","6","5","1.61","6.37","4.59","5.75","999.0","17018"
"Jorge Guzman","Marlins","3","5","0","5.71","8","23","62.0","62","39","11","55","39","1.63","7.95","5.62","5.78","999.0","17505"
"Vladimir Gutierrez","Reds","1","1","0","5.75","3","3","19.0","21","12","4","14","6","1.45","6.81","2.94","5.81","999.0","sa952977"
"Matt Harvey","","3","6","0","5.93","13","13","75.0","87","49","17","55","27","1.51","6.62","3.20","5.89","999.0","11713"
"Jeff Samardzija","","6","9","0","5.52","23","23","126.0","131","77","29","96","47","1.42","6.83","3.37","5.89","597.9","3254"
"Neftali Feliz","","0","0","0","5.52","0","10","10.0","10","6","2","9","5","1.49","7.69","4.39","5.91","999.0","18"
"Felix Hernandez","Orioles","4","8","0","5.82","18","18","101.0","112","65","22","74","41","1.52","6.61","3.67","5.97","999.0","4772"
"Wade LeBlanc","Orioles","2","5","0","5.87","10","10","56.0","65","37","13","39","19","1.49","6.21","3.06","6.01","999.0","5221"
"Ryan Castellani","Rockies","3","6","0","6.69","10","18","64.0","78","48","12","45","33","1.73","6.33","4.63","6.06","999.0","16377"
"Dereck Rodriguez","Rockies","1","3","0","6.59","5","10","33.0","41","24","8","23","13","1.64","6.15","3.49","6.11","999.0","14509"
"Tom Eshelman","Orioles","0","1","0","6.25","2","2","9.0","11","6","2","5","3","1.54","5.24","2.71","6.20","999.0","18361"
"Ervin Santana","Royals","1","2","0","6.09","5","5","28.0","32","19","6","14","11","1.54","4.66","3.63","6.38","600.5","3200"
